0,808,Yes,公司,债务担忧加剧，Glencore 暴跌 25%。
1,808,No,经济,债务担忧加剧，Glencore 暴跌 25%。
2,808,No,市场,债务担忧加剧，Glencore 暴跌 25%。
3,808,No,股票,债务担忧加剧，Glencore 暴跌 25%。
4,808,No,其他,债务担忧加剧，Glencore 暴跌 25%。
5,815,Yes,公司,Horizonte 收购邻近的巴西 Glencore 镍矿区
6,815,No,经济,Horizonte 收购邻近的巴西 Glencore 镍矿区
7,815,No,市场,Horizonte 收购邻近的巴西 Glencore 镍矿区
8,815,No,股票,Horizonte 收购邻近的巴西 Glencore 镍矿区
9,815,No,其他,Horizonte 收购邻近的巴西 Glencore 镍矿区
10,820,No,公司,最新消息 1-工程公司 Smiths Group 确认任命 CEO
11,820,No,经济,最新消息 1-工程公司 Smiths Group 确认任命 CEO
12,820,No,市场,最新消息 1-工程公司 Smiths Group 确认任命 CEO
13,820,No,股票,最新消息 1-工程公司 Smiths Group 确认任命 CEO
14,820,Yes,其他,最新消息 1-工程公司 Smiths Group 确认任命 CEO
15,821,Yes,公司,行业新闻 Morrisons 公布将关闭哪些门店，900 个工作岗位面临裁撤
16,821,No,经济,行业新闻 Morrisons 公布将关闭哪些门店，900 个工作岗位面临裁撤
17,821,No,市场,行业新闻 Morrisons 公布将关闭哪些门店，900 个工作岗位面临裁撤
18,821,No,股票,行业新闻 Morrisons 公布将关闭哪些门店，900 个工作岗位面临裁撤
19,821,No,其他,行业新闻 Morrisons 公布将关闭哪些门店，900 个工作岗位面临裁撤
20,827,Yes,公司,Glencore 暴跌 30%，债务担忧加剧
21,827,No,经济,Glencore 暴跌 30%，债务担忧加剧
22,827,No,市场,Glencore 暴跌 30%，债务担忧加剧
23,827,No,股票,Glencore 暴跌 30%，债务担忧加剧
24,827,No,其他,Glencore 暴跌 30%，债务担忧加剧
25,833,No,公司,安本资产管理公司在中国站稳脚跟
26,833,No,经济,安本资产管理公司在中国站稳脚跟
27,833,No,市场,安本资产管理公司在中国站稳脚跟
28,833,No,股票,安本资产管理公司在中国站稳脚跟
29,833,Yes,其他,安本资产管理公司在中国站稳脚跟
30,835,No,公司,ARM公司与国际商业机器公司合作，共同推动中国市场的发展。携手国际商业 机器公司，共同推动...
31,835,No,经济,ARM公司与国际商业机器公司合作，共同推动中国市场的发展。携手国际商业 机器公司，共同推动...
32,835,No,市场,ARM公司与国际商业机器公司合作，共同推动中国市场的发展。携手国际商业 机器公司，共同推动...
33,835,No,股票,ARM公司与国际商业机器公司合作，共同推动中国市场的发展。携手国际商业 机器公司，共同推动...
34,835,Yes,其他,ARM公司与国际商业机器公司合作，共同推动中国市场的发展。携手国际商业 机器公司，共同推动...
35,838,No,公司," ""FTSE 100 因 Glencore 和金属价格担忧而下跌 2.5 个百分点"""
36,838,No,经济," ""FTSE 100 因 Glencore 和金属价格担忧而下跌 2.5 个百分点"""
37,838,No,市场," ""FTSE 100 因 Glencore 和金属价格担忧而下跌 2.5 个百分点"""
38,838,Yes,股票," ""FTSE 100 因 Glencore 和金属价格担忧而下跌 2.5 个百分点"""
39,838,No,其他," ""FTSE 100 因 Glencore 和金属价格担忧而下跌 2.5 个百分点"""
40,840,No,公司," ""继巴克莱银行和美国银行之后，花旗集团也有了区块链的身影"""
41,840,No,经济," ""继巴克莱银行和美国银行之后，花旗集团也有了区块链的身影"""
42,840,No,市场," ""继巴克莱银行和美国银行之后，花旗集团也有了区块链的身影"""
43,840,No,股票," ""继巴克莱银行和美国银行之后，花旗集团也有了区块链的身影"""
44,840,Yes,其他," ""继巴克莱银行和美国银行之后，花旗集团也有了区块链的身影"""
45,841,Yes,公司,百威英博接触 SABMiller，探讨 2500 亿美元的合作关系
46,841,No,经济,百威英博接触 SABMiller，探讨 2500 亿美元的合作关系
47,841,No,市场,百威英博接触 SABMiller，探讨 2500 亿美元的合作关系
48,841,No,股票,百威英博接触 SABMiller，探讨 2500 亿美元的合作关系
49,841,No,其他,百威英博接触 SABMiller，探讨 2500 亿美元的合作关系
50,847,Yes,公司,欧盟监管机构支持批准葛兰素史克公司的可注射哮喘药物
51,847,No,经济,欧盟监管机构支持批准葛兰素史克公司的可注射哮喘药物
52,847,No,市场,欧盟监管机构支持批准葛兰素史克公司的可注射哮喘药物
53,847,No,股票,欧盟监管机构支持批准葛兰素史克公司的可注射哮喘药物
54,847,No,其他,欧盟监管机构支持批准葛兰素史克公司的可注射哮喘药物
55,855,Yes,公司,Glencore 对债务担忧的反击提升了股价
56,855,No,经济,Glencore 对债务担忧的反击提升了股价
57,855,No,市场,Glencore 对债务担忧的反击提升了股价
58,855,No,股票,Glencore 对债务担忧的反击提升了股价
59,855,No,其他,Glencore 对债务担忧的反击提升了股价
60,856,No,公司," ""新闻提要富时 100 指数走势。阿什特德因强劲的中期业绩而跳涨;嘉能可、英国 石油公司在..."""
61,856,No,经济," ""新闻提要富时 100 指数走势。阿什特德因强劲的中期业绩而跳涨;嘉能可、英国 石油公司在..."""
62,856,No,市场," ""新闻提要富时 100 指数走势。阿什特德因强劲的中期业绩而跳涨;嘉能可、英国 石油公司在..."""
63,856,Yes,股票," ""新闻提要富时 100 指数走势。阿什特德因强劲的中期业绩而跳涨;嘉能可、英国 石油公司在..."""
64,856,No,其他," ""新闻提要富时 100 指数走势。阿什特德因强劲的中期业绩而跳涨;嘉能可、英国 石油公司在..."""
65,858,Yes,公司,啤酒商百威英博寻求与 SABMiller 公司进行 2750 亿美元的合作
66,858,No,经济,啤酒商百威英博寻求与 SABMiller 公司进行 2750 亿美元的合作
67,858,No,市场,啤酒商百威英博寻求与 SABMiller 公司进行 2750 亿美元的合作
68,858,No,股票,啤酒商百威英博寻求与 SABMiller 公司进行 2750 亿美元的合作
69,858,No,其他,啤酒商百威英博寻求与 SABMiller 公司进行 2750 亿美元的合作
70,861,Yes,公司,百威英博寻求赢得 SABMiller 投资者的青睐
71,861,No,经济,百威英博寻求赢得 SABMiller 投资者的青睐
72,861,No,市场,百威英博寻求赢得 SABMiller 投资者的青睐
73,861,No,股票,百威英博寻求赢得 SABMiller 投资者的青睐
74,861,No,其他,百威英博寻求赢得 SABMiller 投资者的青睐
75,863,Yes,公司,最新消息 1-欧盟监管机构支持批准葛兰素史克的可注射哮喘药物
76,863,No,经济,最新消息 1-欧盟监管机构支持批准葛兰素史克的可注射哮喘药物
77,863,No,市场,最新消息 1-欧盟监管机构支持批准葛兰素史克的可注射哮喘药物
78,863,No,股票,最新消息 1-欧盟监管机构支持批准葛兰素史克的可注射哮喘药物
79,863,No,其他,最新消息 1-欧盟监管机构支持批准葛兰素史克的可注射哮喘药物
80,866,No,公司,铜市场可能因 Glencore 的关闭而受到 2003 年式的供应冲击
81,866,No,经济,铜市场可能因 Glencore 的关闭而受到 2003 年式的供应冲击
82,866,Yes,市场,铜市场可能因 Glencore 的关闭而受到 2003 年式的供应冲击
83,866,No,股票,铜市场可能因 Glencore 的关闭而受到 2003 年式的供应冲击
84,866,No,其他,铜市场可能因 Glencore 的关闭而受到 2003 年式的供应冲击
85,872,No,公司,TalkTalk 聘请 BAE 系统公司调查网络攻击事件
86,872,No,经济,TalkTalk 聘请 BAE 系统公司调查网络攻击事件
87,872,No,市场,TalkTalk 聘请 BAE 系统公司调查网络攻击事件
88,872,No,股票,TalkTalk 聘请 BAE 系统公司调查网络攻击事件
89,872,Yes,其他,TalkTalk 聘请 BAE 系统公司调查网络攻击事件
90,876,Yes,公司,百威英博再次竞购 SABMiller 增加啤酒大战的赌注
91,876,No,经济,百威英博再次竞购 SABMiller 增加啤酒大战的赌注
92,876,No,市场,百威英博再次竞购 SABMiller 增加啤酒大战的赌注
93,876,No,股票,百威英博再次竞购 SABMiller 增加啤酒大战的赌注
94,876,No,其他,百威英博再次竞购 SABMiller 增加啤酒大战的赌注
95,879,Yes,公司,英博公司发出信号，不会对 SABMiller 公司采取敌对行动
96,879,No,经济,英博公司发出信号，不会对 SABMiller 公司采取敌对行动
97,879,No,市场,英博公司发出信号，不会对 SABMiller 公司采取敌对行动
98,879,No,股票,英博公司发出信号，不会对 SABMiller 公司采取敌对行动
99,879,No,其他,英博公司发出信号，不会对 SABMiller 公司采取敌对行动
100,885,Yes,公司,阿斯利康糖尿病药物组合在 美国食品药品监督管理局拒绝后面临延迟
101,885,No,经济,阿斯利康糖尿病药物组合在 美国食品药品监督管理局拒绝后面临延迟
102,885,No,市场,阿斯利康糖尿病药物组合在 美国食品药品监督管理局拒绝后面临延迟
103,885,No,股票,阿斯利康糖尿病药物组合在 美国食品药品监督管理局拒绝后面临延迟
104,885,No,其他,阿斯利康糖尿病药物组合在 美国食品药品监督管理局拒绝后面临延迟
105,891,No,公司,Mylan 任命 Ranjan Ray Chaudhuri 为 Mylan 公司的全球商业负责人，负责 Mylan 公司的过 ...
106,891,No,经济,Mylan 任命 Ranjan Ray Chaudhuri 为 Mylan 公司的全球商业负责人，负责 Mylan 公司的过 ...
107,891,No,市场,Mylan 任命 Ranjan Ray Chaudhuri 为 Mylan 公司的全球商业负责人，负责 Mylan 公司的过 ...
108,891,No,股票,Mylan 任命 Ranjan Ray Chaudhuri 为 Mylan 公司的全球商业负责人，负责 Mylan 公司的过 ...
109,891,Yes,其他,Mylan 任命 Ranjan Ray Chaudhuri 为 Mylan 公司的全球商业负责人，负责 Mylan 公司的过 ...
110,896,No,公司,SABMiller 的收入受到新兴市场货币疲软的冲击
111,896,No,经济,SABMiller 的收入受到新兴市场货币疲软的冲击
112,896,No,市场,SABMiller 的收入受到新兴市场货币疲软的冲击
113,896,No,股票,SABMiller 的收入受到新兴市场货币疲软的冲击
114,896,Yes,其他,SABMiller 的收入受到新兴市场货币疲软的冲击
115,897,Yes,公司,最新消息 5-SABMiller 拒绝百威英博 1040 亿美元的收购方案
116,897,No,经济,最新消息 5-SABMiller 拒绝百威英博 1040 亿美元的收购方案
117,897,No,市场,最新消息 5-SABMiller 拒绝百威英博 1040 亿美元的收购方案
118,897,No,股票,最新消息 5-SABMiller 拒绝百威英博 1040 亿美元的收购方案
119,897,No,其他,最新消息 5-SABMiller 拒绝百威英博 1040 亿美元的收购方案
120,907,No,公司,市场报告。富时 100 指数和渣打银行的八天涨势结束
121,907,No,经济,市场报告。富时 100 指数和渣打银行的八天涨势结束
122,907,Yes,市场,市场报告。富时 100 指数和渣打银行的八天涨势结束
123,907,No,股票,市场报告。富时 100 指数和渣打银行的八天涨势结束
124,907,No,其他,市场报告。富时 100 指数和渣打银行的八天涨势结束
125,908,Yes,公司,百威英博向 SABMiller 提供 30 亿美元分手费
126,908,No,经济,百威英博向 SABMiller 提供 30 亿美元分手费
127,908,No,市场,百威英博向 SABMiller 提供 30 亿美元分手费
128,908,No,股票,百威英博向 SABMiller 提供 30 亿美元分手费
129,908,No,其他,百威英博向 SABMiller 提供 30 亿美元分手费
130,912,No,公司,葛兰素史克加入推动中国贸易的行列，英国大肆宣传医疗保健交易
131,912,Yes,经济,葛兰素史克加入推动中国贸易的行列，英国大肆宣传医疗保健交易
132,912,No,市场,葛兰素史克加入推动中国贸易的行列，英国大肆宣传医疗保健交易
133,912,No,股票,葛兰素史克加入推动中国贸易的行列，英国大肆宣传医疗保健交易
134,912,No,其他,葛兰素史克加入推动中国贸易的行列，英国大肆宣传医疗保健交易
135,914,Yes,公司,百威英博提高了对 SABMiller 的报价，因为最后期限临近。
136,914,No,经济,百威英博提高了对 SABMiller 的报价，因为最后期限临近。
137,914,No,市场,百威英博提高了对 SABMiller 的报价，因为最后期限临近。
138,914,No,股票,百威英博提高了对 SABMiller 的报价，因为最后期限临近。
139,914,No,其他,百威英博提高了对 SABMiller 的报价，因为最后期限临近。
140,919,No,公司,Tesco PLC 的复苏随着 2.5 亿英镑的现金注入继续进行。
141,919,No,经济,Tesco PLC 的复苏随着 2.5 亿英镑的现金注入继续进行。
142,919,No,市场,Tesco PLC 的复苏随着 2.5 亿英镑的现金注入继续进行。
143,919,Yes,股票,Tesco PLC 的复苏随着 2.5 亿英镑的现金注入继续进行。
144,919,No,其他,Tesco PLC 的复苏随着 2.5 亿英镑的现金注入继续进行。
145,922,No,公司," ""金属-锌在 Glencore 减产后大涨 12%，助长金属反弹"""
146,922,No,经济," ""金属-锌在 Glencore 减产后大涨 12%，助长金属反弹"""
147,922,Yes,市场," ""金属-锌在 Glencore 减产后大涨 12%，助长金属反弹"""
148,922,No,股票," ""金属-锌在 Glencore 减产后大涨 12%，助长金属反弹"""
149,922,No,其他," ""金属-锌在 Glencore 减产后大涨 12%，助长金属反弹"""
150,924,No,公司,公司联合利华在经济疲软的情况下通过冰淇淋提高了销售额
151,924,No,经济,公司联合利华在经济疲软的情况下通过冰淇淋提高了销售额
152,924,No,市场,公司联合利华在经济疲软的情况下通过冰淇淋提高了销售额
153,924,No,股票,公司联合利华在经济疲软的情况下通过冰淇淋提高了销售额
154,924,Yes,其他,公司联合利华在经济疲软的情况下通过冰淇淋提高了销售额
155,939,Yes,公司,百威英博的最新投标被认为不太可能赢得 SABMiller 的批准
156,939,No,经济,百威英博的最新投标被认为不太可能赢得 SABMiller 的批准
157,939,No,市场,百威英博的最新投标被认为不太可能赢得 SABMiller 的批准
158,939,No,股票,百威英博的最新投标被认为不太可能赢得 SABMiller 的批准
159,939,No,其他,百威英博的最新投标被认为不太可能赢得 SABMiller 的批准
160,941,No,公司,英国富时指数因夏尔指数飙升而向前迈进
161,941,No,经济,英国富时指数因夏尔指数飙升而向前迈进
162,941,No,市场,英国富时指数因夏尔指数飙升而向前迈进
163,941,Yes,股票,英国富时指数因夏尔指数飙升而向前迈进
164,941,No,其他,英国富时指数因夏尔指数飙升而向前迈进
165,942,Yes,公司,百威英博攻击 SABMiller 的投标被拒
166,942,No,经济,百威英博攻击 SABMiller 的投标被拒
167,942,No,市场,百威英博攻击 SABMiller 的投标被拒
168,942,No,股票,百威英博攻击 SABMiller 的投标被拒
169,942,No,其他,百威英博攻击 SABMiller 的投标被拒
170,943,Yes,公司,安海斯-布什英博公司提高了对竞争对手 SABMiller 的报价
171,943,No,经济,安海斯-布什英博公司提高了对竞争对手 SABMiller 的报价
172,943,No,市场,安海斯-布什英博公司提高了对竞争对手 SABMiller 的报价
173,943,No,股票,安海斯-布什英博公司提高了对竞争对手 SABMiller 的报价
174,943,No,其他,安海斯-布什英博公司提高了对竞争对手 SABMiller 的报价
175,945,No,公司,为什么我今天会买入 ARM公司和 BHP公司?
176,945,No,经济,为什么我今天会买入 ARM公司和 BHP公司?
177,945,No,市场,为什么我今天会买入 ARM公司和 BHP公司?
178,945,No,股票,为什么我今天会买入 ARM公司和 BHP公司?
179,945,Yes,其他,为什么我今天会买入 ARM公司和 BHP公司?
180,946,No,公司,巴克莱银行和劳埃德银行集团是我今天要买的两家银行
181,946,No,经济,巴克莱银行和劳埃德银行集团是我今天要买的两家银行
182,946,No,市场,巴克莱银行和劳埃德银行集团是我今天要买的两家银行
183,946,No,股票,巴克莱银行和劳埃德银行集团是我今天要买的两家银行
184,946,Yes,其他,巴克莱银行和劳埃德银行集团是我今天要买的两家银行
185,952,Yes,公司,易捷航空驳回汉莎航空低价计划，争夺德国市场
186,952,No,经济,易捷航空驳回汉莎航空低价计划，争夺德国市场
187,952,No,市场,易捷航空驳回汉莎航空低价计划，争夺德国市场
188,952,No,股票,易捷航空驳回汉莎航空低价计划，争夺德国市场
189,952,No,其他,易捷航空驳回汉莎航空低价计划，争夺德国市场
190,963,Yes,公司," ""独家-BP 和中国的 CNPC 将公布石油联盟--消息来源"""
191,963,No,经济," ""独家-BP 和中国的 CNPC 将公布石油联盟--消息来源"""
192,963,No,市场," ""独家-BP 和中国的 CNPC 将公布石油联盟--消息来源"""
193,963,No,股票," ""独家-BP 和中国的 CNPC 将公布石油联盟--消息来源"""
194,963,No,其他," ""独家-BP 和中国的 CNPC 将公布石油联盟--消息来源"""
195,965,No,公司,SAB主席在董事会对英博的报价存在分歧的情况下努力工作
196,965,No,经济,SAB主席在董事会对英博的报价存在分歧的情况下努力工作
197,965,No,市场,SAB主席在董事会对英博的报价存在分歧的情况下努力工作
198,965,No,股票,SAB主席在董事会对英博的报价存在分歧的情况下努力工作
199,965,Yes,其他,SAB主席在董事会对英博的报价存在分歧的情况下努力工作
200,966,Yes,公司,康德摩根和英国石油公司成立合资有限责任公司，购买...
201,966,No,经济,康德摩根和英国石油公司成立合资有限责任公司，购买...
202,966,No,市场,康德摩根和英国石油公司成立合资有限责任公司，购买...
203,966,No,股票,康德摩根和英国石油公司成立合资有限责任公司，购买...
204,966,No,其他,康德摩根和英国石油公司成立合资有限责任公司，购买...
205,967,Yes,公司,最高法院支持陪审团对埃克森美孚公司的 2.36 亿美元赔偿金
206,967,No,经济,最高法院支持陪审团对埃克森美孚公司的 2.36 亿美元赔偿金
207,967,No,市场,最高法院支持陪审团对埃克森美孚公司的 2.36 亿美元赔偿金
208,967,No,股票,最高法院支持陪审团对埃克森美孚公司的 2.36 亿美元赔偿金
209,967,No,其他,最高法院支持陪审团对埃克森美孚公司的 2.36 亿美元赔偿金
210,972,No,公司,惠誉降级后渣打银行股价暴跌 7%。
211,972,No,经济,惠誉降级后渣打银行股价暴跌 7%。
212,972,No,市场,惠誉降级后渣打银行股价暴跌 7%。
213,972,No,股票,惠誉降级后渣打银行股价暴跌 7%。
214,972,Yes,其他,惠誉降级后渣打银行股价暴跌 7%。
215,980,Yes,公司,"WPP 赢得对 ""程序化购买 ""机构 Essence Digital 的竞争"
216,980,No,经济,"WPP 赢得对 ""程序化购买 ""机构 Essence Digital 的竞争"
217,980,No,市场,"WPP 赢得对 ""程序化购买 ""机构 Essence Digital 的竞争"
218,980,No,股票,"WPP 赢得对 ""程序化购买 ""机构 Essence Digital 的竞争"
219,980,No,其他,"WPP 赢得对 ""程序化购买 ""机构 Essence Digital 的竞争"
220,981,Yes,公司,必和必拓的股票价格。巴西将起诉萨马科公司要求赔偿 35 亿英镑
221,981,No,经济,必和必拓的股票价格。巴西将起诉萨马科公司要求赔偿 35 亿英镑
222,981,No,市场,必和必拓的股票价格。巴西将起诉萨马科公司要求赔偿 35 亿英镑
223,981,No,股票,必和必拓的股票价格。巴西将起诉萨马科公司要求赔偿 35 亿英镑
224,981,No,其他,必和必拓的股票价格。巴西将起诉萨马科公司要求赔偿 35 亿英镑
225,986,Yes,公司,G4S 在资产负债表上滑落的忧虑
226,986,No,经济,G4S 在资产负债表上滑落的忧虑
227,986,No,市场,G4S 在资产负债表上滑落的忧虑
228,986,No,股票,G4S 在资产负债表上滑落的忧虑
229,986,No,其他,G4S 在资产负债表上滑落的忧虑
230,988,Yes,公司,美国食品药品监督管理局批准阿斯利康治疗晚期肺癌的药物
231,988,No,经济,美国食品药品监督管理局批准阿斯利康治疗晚期肺癌的药物
232,988,No,市场,美国食品药品监督管理局批准阿斯利康治疗晚期肺癌的药物
233,988,No,股票,美国食品药品监督管理局批准阿斯利康治疗晚期肺癌的药物
234,988,No,其他,美国食品药品监督管理局批准阿斯利康治疗晚期肺癌的药物
235,991,No,公司,汇丰银行任命商业领袖为董事会成员
236,991,No,经济,汇丰银行任命商业领袖为董事会成员
237,991,No,市场,汇丰银行任命商业领袖为董事会成员
238,991,No,股票,汇丰银行任命商业领袖为董事会成员
239,991,Yes,其他,汇丰银行任命商业领袖为董事会成员
240,999,No,公司," ""汇丰重组董事会，两名新业务主管，三名离职"""
241,999,No,经济," ""汇丰重组董事会，两名新业务主管，三名离职"""
242,999,No,市场," ""汇丰重组董事会，两名新业务主管，三名离职"""
243,999,No,股票," ""汇丰重组董事会，两名新业务主管，三名离职"""
244,999,Yes,其他," ""汇丰重组董事会，两名新业务主管，三名离职"""
245,1000,Yes,公司,阿斯利康赢得 美国食品药品监督管理局对关键的新肺癌药的批准
246,1000,No,经济,阿斯利康赢得 美国食品药品监督管理局对关键的新肺癌药的批准
247,1000,No,市场,阿斯利康赢得 美国食品药品监督管理局对关键的新肺癌药的批准
248,1000,No,股票,阿斯利康赢得 美国食品药品监督管理局对关键的新肺癌药的批准
249,1000,No,其他,阿斯利康赢得 美国食品药品监督管理局对关键的新肺癌药的批准
250,1002,No,公司,最新消息 1-劳埃德将裁减 945 个职位，作为 3 年重组计划的一部分
251,1002,No,经济,最新消息 1-劳埃德将裁减 945 个职位，作为 3 年重组计划的一部分
252,1002,No,市场,最新消息 1-劳埃德将裁减 945 个职位，作为 3 年重组计划的一部分
253,1002,No,股票,最新消息 1-劳埃德将裁减 945 个职位，作为 3 年重组计划的一部分
254,1002,Yes,其他,最新消息 1-劳埃德将裁减 945 个职位，作为 3 年重组计划的一部分
255,1005,No,公司,渣打银行亏损后转变新兴市场战略
256,1005,No,经济,渣打银行亏损后转变新兴市场战略
257,1005,No,市场,渣打银行亏损后转变新兴市场战略
258,1005,No,股票,渣打银行亏损后转变新兴市场战略
259,1005,Yes,其他,渣打银行亏损后转变新兴市场战略
260,1012,No,公司,阿斯利康的肺癌药物 Tagrisso 获得 美国食品药品监督管理局批准
261,1012,No,经济,阿斯利康的肺癌药物 Tagrisso 获得 美国食品药品监督管理局批准
262,1012,No,市场,阿斯利康的肺癌药物 Tagrisso 获得 美国食品药品监督管理局批准
263,1012,No,股票,阿斯利康的肺癌药物 Tagrisso 获得 美国食品药品监督管理局批准
264,1012,Yes,其他,阿斯利康的肺癌药物 Tagrisso 获得 美国食品药品监督管理局批准
265,1016,No,公司,Severn Trent 股价上涨，上半年利润寸步难行，因为客户...
266,1016,No,经济,Severn Trent 股价上涨，上半年利润寸步难行，因为客户...
267,1016,No,市场,Severn Trent 股价上涨，上半年利润寸步难行，因为客户...
268,1016,Yes,股票,Severn Trent 股价上涨，上半年利润寸步难行，因为客户...
269,1016,No,其他,Severn Trent 股价上涨，上半年利润寸步难行，因为客户...
270,1022,Yes,公司,Glencore 认为位于的黎波里的国家石油公司是利比亚石油的唯一合法卖家
271,1022,No,经济,Glencore 认为位于的黎波里的国家石油公司是利比亚石油的唯一合法卖家
272,1022,No,市场,Glencore 认为位于的黎波里的国家石油公司是利比亚石油的唯一合法卖家
273,1022,No,股票,Glencore 认为位于的黎波里的国家石油公司是利比亚石油的唯一合法卖家
274,1022,No,其他,Glencore 认为位于的黎波里的国家石油公司是利比亚石油的唯一合法卖家
275,1023,No,公司,劳埃德将裁减 945 个职位作为三年重组战略的一部分
276,1023,No,经济,劳埃德将裁减 945 个职位作为三年重组战略的一部分
277,1023,No,市场,劳埃德将裁减 945 个职位作为三年重组战略的一部分
278,1023,No,股票,劳埃德将裁减 945 个职位作为三年重组战略的一部分
279,1023,Yes,其他,劳埃德将裁减 945 个职位作为三年重组战略的一部分
280,1024,Yes,公司,阿斯利康将以 27 亿美元收购 ZS 医药公司
281,1024,No,经济,阿斯利康将以 27 亿美元收购 ZS 医药公司
282,1024,No,市场,阿斯利康将以 27 亿美元收购 ZS 医药公司
283,1024,No,股票,阿斯利康将以 27 亿美元收购 ZS 医药公司
284,1024,No,其他,阿斯利康将以 27 亿美元收购 ZS 医药公司
285,1025,Yes,公司," ""阿克曼在电子邮件中表示支持 Valeant 公司 CEO 皮尔森"""
286,1025,No,经济," ""阿克曼在电子邮件中表示支持 Valeant 公司 CEO 皮尔森"""
287,1025,No,市场," ""阿克曼在电子邮件中表示支持 Valeant 公司 CEO 皮尔森"""
288,1025,No,股票," ""阿克曼在电子邮件中表示支持 Valeant 公司 CEO 皮尔森"""
289,1025,No,其他," ""阿克曼在电子邮件中表示支持 Valeant 公司 CEO 皮尔森"""
290,1029,Yes,公司,阿斯利康以 3.8 亿美元将美国药物权利出售给佩里戈公司
291,1029,No,经济,阿斯利康以 3.8 亿美元将美国药物权利出售给佩里戈公司
292,1029,No,市场,阿斯利康以 3.8 亿美元将美国药物权利出售给佩里戈公司
293,1029,No,股票,阿斯利康以 3.8 亿美元将美国药物权利出售给佩里戈公司
294,1029,No,其他,阿斯利康以 3.8 亿美元将美国药物权利出售给佩里戈公司
295,1032,Yes,公司,最新消息 1-阿斯利康以 27 亿美元收购 ZS 制药公司，向 Actelion 公司发起挑战
296,1032,No,经济,最新消息 1-阿斯利康以 27 亿美元收购 ZS 制药公司，向 Actelion 公司发起挑战
297,1032,No,市场,最新消息 1-阿斯利康以 27 亿美元收购 ZS 制药公司，向 Actelion 公司发起挑战
298,1032,No,股票,最新消息 1-阿斯利康以 27 亿美元收购 ZS 制药公司，向 Actelion 公司发起挑战
299,1032,No,其他,最新消息 1-阿斯利康以 27 亿美元收购 ZS 制药公司，向 Actelion 公司发起挑战
300,1033,Yes,公司,更正-希尔公司将以约 59 亿美元收购 Dyax 公司
301,1033,No,经济,更正-希尔公司将以约 59 亿美元收购 Dyax 公司
302,1033,No,市场,更正-希尔公司将以约 59 亿美元收购 Dyax 公司
303,1033,No,股票,更正-希尔公司将以约 59 亿美元收购 Dyax 公司
304,1033,No,其他,更正-希尔公司将以约 59 亿美元收购 Dyax 公司
305,1037,No,公司,巴克莱银行准备接替迈克-雷克爵士，因为他正准备离职
306,1037,No,经济,巴克莱银行准备接替迈克-雷克爵士，因为他正准备离职
307,1037,No,市场,巴克莱银行准备接替迈克-雷克爵士，因为他正准备离职
308,1037,No,股票,巴克莱银行准备接替迈克-雷克爵士，因为他正准备离职
309,1037,Yes,其他,巴克莱银行准备接替迈克-雷克爵士，因为他正准备离职
310,1038,Yes,公司,阿斯利康以 27 亿美元收购 ZS 医药公司
311,1038,No,经济,阿斯利康以 27 亿美元收购 ZS 医药公司
312,1038,No,市场,阿斯利康以 27 亿美元收购 ZS 医药公司
313,1038,No,股票,阿斯利康以 27 亿美元收购 ZS 医药公司
314,1038,No,其他,阿斯利康以 27 亿美元收购 ZS 医药公司
315,1039,No,公司,阿斯利康股价攀升 3%，制药商提高利润预期
316,1039,No,经济,阿斯利康股价攀升 3%，制药商提高利润预期
317,1039,No,市场,阿斯利康股价攀升 3%，制药商提高利润预期
318,1039,Yes,股票,阿斯利康股价攀升 3%，制药商提高利润预期
319,1039,No,其他,阿斯利康股价攀升 3%，制药商提高利润预期
320,1040,No,公司,百威英博计划收购 SABMiller，Peroni 和 Grolsch 也将被出售
321,1040,No,经济,百威英博计划收购 SABMiller，Peroni 和 Grolsch 也将被出售
322,1040,No,市场,百威英博计划收购 SABMiller，Peroni 和 Grolsch 也将被出售
323,1040,No,股票,百威英博计划收购 SABMiller，Peroni 和 Grolsch 也将被出售
324,1040,Yes,其他,百威英博计划收购 SABMiller，Peroni 和 Grolsch 也将被出售
325,1044,Yes,公司,易捷航空预计有弹性的需求将抵御安全的担忧
326,1044,No,经济,易捷航空预计有弹性的需求将抵御安全的担忧
327,1044,No,市场,易捷航空预计有弹性的需求将抵御安全的担忧
328,1044,No,股票,易捷航空预计有弹性的需求将抵御安全的担忧
329,1044,No,其他,易捷航空预计有弹性的需求将抵御安全的担忧
330,1045,No,公司,康帕斯集团表示对未来一年持积极态度
331,1045,No,经济,康帕斯集团表示对未来一年持积极态度
332,1045,No,市场,康帕斯集团表示对未来一年持积极态度
333,1045,Yes,股票,康帕斯集团表示对未来一年持积极态度
334,1045,No,其他,康帕斯集团表示对未来一年持积极态度
335,1052,No,公司,美元抹去了 SABMiller 的销售收益
336,1052,No,经济,美元抹去了 SABMiller 的销售收益
337,1052,No,市场,美元抹去了 SABMiller 的销售收益
338,1052,No,股票,美元抹去了 SABMiller 的销售收益
339,1052,Yes,其他,美元抹去了 SABMiller 的销售收益
340,1053,No,公司," ""最新消息 1-SABMiller 第二季度基本销售额上升，外汇影响利润率"""
341,1053,No,经济," ""最新消息 1-SABMiller 第二季度基本销售额上升，外汇影响利润率"""
342,1053,No,市场," ""最新消息 1-SABMiller 第二季度基本销售额上升，外汇影响利润率"""
343,1053,No,股票," ""最新消息 1-SABMiller 第二季度基本销售额上升，外汇影响利润率"""
344,1053,Yes,其他," ""最新消息 1-SABMiller 第二季度基本销售额上升，外汇影响利润率"""
345,1057,No,公司,最新消息 2-昂贵的啤酒提升了 SABMiller 公司的季度基本销售额
346,1057,No,经济,最新消息 2-昂贵的啤酒提升了 SABMiller 公司的季度基本销售额
347,1057,No,市场,最新消息 2-昂贵的啤酒提升了 SABMiller 公司的季度基本销售额
348,1057,No,股票,最新消息 2-昂贵的啤酒提升了 SABMiller 公司的季度基本销售额
349,1057,Yes,其他,最新消息 2-昂贵的啤酒提升了 SABMiller 公司的季度基本销售额
350,1061,Yes,公司,"Valeant 首席执行官在经历了 ""痛苦 ""的经历后承诺听取批评意见"
351,1061,No,经济,"Valeant 首席执行官在经历了 ""痛苦 ""的经历后承诺听取批评意见"
352,1061,No,市场,"Valeant 首席执行官在经历了 ""痛苦 ""的经历后承诺听取批评意见"
353,1061,No,股票,"Valeant 首席执行官在经历了 ""痛苦 ""的经历后承诺听取批评意见"
354,1061,No,其他,"Valeant 首席执行官在经历了 ""痛苦 ""的经历后承诺听取批评意见"
355,1063,Yes,公司,Aviva公司，Direct Line Insurance Group公司和 Admiral Group公司将飞速发展吗?
356,1063,No,经济,Aviva公司，Direct Line Insurance Group公司和 Admiral Group公司将飞速发展吗?
357,1063,No,市场,Aviva公司，Direct Line Insurance Group公司和 Admiral Group公司将飞速发展吗?
358,1063,No,股票,Aviva公司，Direct Line Insurance Group公司和 Admiral Group公司将飞速发展吗?
359,1063,No,其他,Aviva公司，Direct Line Insurance Group公司和 Admiral Group公司将飞速发展吗?
360,1065,Yes,公司,StanChart 和 RBS 在英格兰银行压力测试中挣扎
361,1065,Yes,经济,StanChart 和 RBS 在英格兰银行压力测试中挣扎
362,1065,No,市场,StanChart 和 RBS 在英格兰银行压力测试中挣扎
363,1065,No,股票,StanChart 和 RBS 在英格兰银行压力测试中挣扎
364,1065,No,其他,StanChart 和 RBS 在英格兰银行压力测试中挣扎
365,1073,No,公司,巴克莱银行将基准指数部门出售给彭博社
366,1073,No,经济,巴克莱银行将基准指数部门出售给彭博社
367,1073,No,市场,巴克莱银行将基准指数部门出售给彭博社
368,1073,No,股票,巴克莱银行将基准指数部门出售给彭博社
369,1073,Yes,其他,巴克莱银行将基准指数部门出售给彭博社
370,1077,No,公司," ""Sainsbury's、Asda、Tesco 和 Morrisons 都将因石油下跌而降低汽油价格."""
371,1077,No,经济," ""Sainsbury's、Asda、Tesco 和 Morrisons 都将因石油下跌而降低汽油价格."""
372,1077,No,市场," ""Sainsbury's、Asda、Tesco 和 Morrisons 都将因石油下跌而降低汽油价格."""
373,1077,Yes,股票," ""Sainsbury's、Asda、Tesco 和 Morrisons 都将因石油下跌而降低汽油价格."""
374,1077,No,其他," ""Sainsbury's、Asda、Tesco 和 Morrisons 都将因石油下跌而降低汽油价格."""
375,1079,No,公司," ""欧盟将壳牌、英国石油公司、挪威国家石油公司从乙醇基准调查中剔除"""
376,1079,No,经济," ""欧盟将壳牌、英国石油公司、挪威国家石油公司从乙醇基准调查中剔除"""
377,1079,No,市场," ""欧盟将壳牌、英国石油公司、挪威国家石油公司从乙醇基准调查中剔除"""
378,1079,Yes,股票," ""欧盟将壳牌、英国石油公司、挪威国家石油公司从乙醇基准调查中剔除"""
379,1079,No,其他," ""欧盟将壳牌、英国石油公司、挪威国家石油公司从乙醇基准调查中剔除"""
380,1089,Yes,公司,阿斯利康探索与 Acerta 合作开发癌症药物的潜在交易
381,1089,No,经济,阿斯利康探索与 Acerta 合作开发癌症药物的潜在交易
382,1089,No,市场,阿斯利康探索与 Acerta 合作开发癌症药物的潜在交易
383,1089,No,股票,阿斯利康探索与 Acerta 合作开发癌症药物的潜在交易
384,1089,No,其他,阿斯利康探索与 Acerta 合作开发癌症药物的潜在交易
385,1095,No,公司,壳牌和 BG 的股东将在 1 月底对交易进行投票表决
386,1095,No,经济,壳牌和 BG 的股东将在 1 月底对交易进行投票表决
387,1095,No,市场,壳牌和 BG 的股东将在 1 月底对交易进行投票表决
388,1095,No,股票,壳牌和 BG 的股东将在 1 月底对交易进行投票表决
389,1095,Yes,其他,壳牌和 BG 的股东将在 1 月底对交易进行投票表决
390,1109,No,公司,阿斯利康追赶艾克塔以确保下一个癌症药物赢家
391,1109,No,经济,阿斯利康追赶艾克塔以确保下一个癌症药物赢家
392,1109,No,市场,阿斯利康追赶艾克塔以确保下一个癌症药物赢家
393,1109,No,股票,阿斯利康追赶艾克塔以确保下一个癌症药物赢家
394,1109,Yes,其他,阿斯利康追赶艾克塔以确保下一个癌症药物赢家
395,1112,No,公司,公司乐购在圣诞节期间开局不利 - 凯度
396,1112,No,经济,公司乐购在圣诞节期间开局不利 - 凯度
397,1112,No,市场,公司乐购在圣诞节期间开局不利 - 凯度
398,1112,Yes,股票,公司乐购在圣诞节期间开局不利 - 凯度
399,1112,No,其他,公司乐购在圣诞节期间开局不利 - 凯度
400,1117,No,公司," ""星展银行、瑞士宝盛银行成为巴克莱亚洲财富部门的潜在竞标者..."""
401,1117,No,经济," ""星展银行、瑞士宝盛银行成为巴克莱亚洲财富部门的潜在竞标者..."""
402,1117,No,市场," ""星展银行、瑞士宝盛银行成为巴克莱亚洲财富部门的潜在竞标者..."""
403,1117,No,股票," ""星展银行、瑞士宝盛银行成为巴克莱亚洲财富部门的潜在竞标者..."""
404,1117,Yes,其他," ""星展银行、瑞士宝盛银行成为巴克莱亚洲财富部门的潜在竞标者..."""
405,1118,No,公司,为什么阿斯利康公司和 Dixons Carphone PLC 是红火的增长明星!
406,1118,No,经济,为什么阿斯利康公司和 Dixons Carphone PLC 是红火的增长明星!
407,1118,No,市场,为什么阿斯利康公司和 Dixons Carphone PLC 是红火的增长明星!
408,1118,No,股票,为什么阿斯利康公司和 Dixons Carphone PLC 是红火的增长明星!
409,1118,No,其他,为什么阿斯利康公司和 Dixons Carphone PLC 是红火的增长明星!
410,1120,Yes,公司,BBCN 银行集团将以 10 亿美元收购威尔希尔银行集团的交易
411,1120,No,经济,BBCN 银行集团将以 10 亿美元收购威尔希尔银行集团的交易
412,1120,No,市场,BBCN 银行集团将以 10 亿美元收购威尔希尔银行集团的交易
413,1120,No,股票,BBCN 银行集团将以 10 亿美元收购威尔希尔银行集团的交易
414,1120,No,其他,BBCN 银行集团将以 10 亿美元收购威尔希尔银行集团的交易
415,1122,No,公司,ITV 股价因康卡斯特的 NBCUniversal 竞标收购的报道而跳水...
416,1122,No,经济,ITV 股价因康卡斯特的 NBCUniversal 竞标收购的报道而跳水...
417,1122,No,市场,ITV 股价因康卡斯特的 NBCUniversal 竞标收购的报道而跳水...
418,1122,Yes,股票,ITV 股价因康卡斯特的 NBCUniversal 竞标收购的报道而跳水...
419,1122,No,其他,ITV 股价因康卡斯特的 NBCUniversal 竞标收购的报道而跳水...
420,1131,No,公司,Glencore 研究农业贸易业务可能的 IPO
421,1131,No,经济,Glencore 研究农业贸易业务可能的 IPO
422,1131,No,市场,Glencore 研究农业贸易业务可能的 IPO
423,1131,Yes,股票,Glencore 研究农业贸易业务可能的 IPO
424,1131,No,其他,Glencore 研究农业贸易业务可能的 IPO
425,1132,Yes,公司,圣诞节能否拯救塞恩斯伯里公司和乐购公司?
426,1132,No,经济,圣诞节能否拯救塞恩斯伯里公司和乐购公司?
427,1132,No,市场,圣诞节能否拯救塞恩斯伯里公司和乐购公司?
428,1132,No,股票,圣诞节能否拯救塞恩斯伯里公司和乐购公司?
429,1132,No,其他,圣诞节能否拯救塞恩斯伯里公司和乐购公司?
430,1133,Yes,公司,最新消息 1-阿斯利康通过 5.75 亿美元的武田交易提升呼吸系统研究部门的实力
431,1133,No,经济,最新消息 1-阿斯利康通过 5.75 亿美元的武田交易提升呼吸系统研究部门的实力
432,1133,No,市场,最新消息 1-阿斯利康通过 5.75 亿美元的武田交易提升呼吸系统研究部门的实力
433,1133,No,股票,最新消息 1-阿斯利康通过 5.75 亿美元的武田交易提升呼吸系统研究部门的实力
434,1133,No,其他,最新消息 1-阿斯利康通过 5.75 亿美元的武田交易提升呼吸系统研究部门的实力
435,1142,No,公司,Bilfinger 工业服务公司赢得英国石油公司 1 亿英镑的续约合同
436,1142,No,经济,Bilfinger 工业服务公司赢得英国石油公司 1 亿英镑的续约合同
437,1142,No,市场,Bilfinger 工业服务公司赢得英国石油公司 1 亿英镑的续约合同
438,1142,No,股票,Bilfinger 工业服务公司赢得英国石油公司 1 亿英镑的续约合同
439,1142,Yes,其他,Bilfinger 工业服务公司赢得英国石油公司 1 亿英镑的续约合同
440,1143,Yes,公司," ""渣打银行、苏格兰皇家银行在压力测试中逃避资本筹集"""
441,1143,Yes,经济," ""渣打银行、苏格兰皇家银行在压力测试中逃避资本筹集"""
442,1143,No,市场," ""渣打银行、苏格兰皇家银行在压力测试中逃避资本筹集"""
443,1143,No,股票," ""渣打银行、苏格兰皇家银行在压力测试中逃避资本筹集"""
444,1143,No,其他," ""渣打银行、苏格兰皇家银行在压力测试中逃避资本筹集"""
445,1147,No,公司,阿斯利康正在权衡对 Acerta 的收购以确保血癌药物的安全
446,1147,No,经济,阿斯利康正在权衡对 Acerta 的收购以确保血癌药物的安全
447,1147,No,市场,阿斯利康正在权衡对 Acerta 的收购以确保血癌药物的安全
448,1147,No,股票,阿斯利康正在权衡对 Acerta 的收购以确保血癌药物的安全
449,1147,Yes,其他,阿斯利康正在权衡对 Acerta 的收购以确保血癌药物的安全
450,1154,No,公司,两大2016 年的转折性买入?必和必拓公司和家居零售集团有限公司
451,1154,Yes,经济,两大2016 年的转折性买入?必和必拓公司和家居零售集团有限公司
452,1154,No,市场,两大2016 年的转折性买入?必和必拓公司和家居零售集团有限公司
453,1154,No,股票,两大2016 年的转折性买入?必和必拓公司和家居零售集团有限公司
454,1154,No,其他,两大2016 年的转折性买入?必和必拓公司和家居零售集团有限公司
455,1155,Yes,公司,L&G 完成英国最大的医疗承保的批量养老金风险交易
456,1155,No,经济,L&G 完成英国最大的医疗承保的批量养老金风险交易
457,1155,No,市场,L&G 完成英国最大的医疗承保的批量养老金风险交易
458,1155,No,股票,L&G 完成英国最大的医疗承保的批量养老金风险交易
459,1155,No,其他,L&G 完成英国最大的医疗承保的批量养老金风险交易
460,1160,Yes,公司,制药商 Shire 经过 6 个月的追求，将以 320 亿美元收购 Baxalta
461,1160,No,经济,制药商 Shire 经过 6 个月的追求，将以 320 亿美元收购 Baxalta
462,1160,No,市场,制药商 Shire 经过 6 个月的追求，将以 320 亿美元收购 Baxalta
463,1160,No,股票,制药商 Shire 经过 6 个月的追求，将以 320 亿美元收购 Baxalta
464,1160,No,其他,制药商 Shire 经过 6 个月的追求，将以 320 亿美元收购 Baxalta
465,1165,No,公司,翠鸟股价因实施新战略的成本而下滑
466,1165,No,经济,翠鸟股价因实施新战略的成本而下滑
467,1165,No,市场,翠鸟股价因实施新战略的成本而下滑
468,1165,Yes,股票,翠鸟股价因实施新战略的成本而下滑
469,1165,No,其他,翠鸟股价因实施新战略的成本而下滑
470,1168,Yes,公司,Shire 称 Baxalta 交易的内部协同效应目标更高
471,1168,No,经济,Shire 称 Baxalta 交易的内部协同效应目标更高
472,1168,No,市场,Shire 称 Baxalta 交易的内部协同效应目标更高
473,1168,No,股票,Shire 称 Baxalta 交易的内部协同效应目标更高
474,1168,No,其他,Shire 称 Baxalta 交易的内部协同效应目标更高
475,1172,No,公司," ""欧洲股市暴跌，被必和必拓和石油搅乱;希望转向欧洲央行"""
476,1172,Yes,经济," ""欧洲股市暴跌，被必和必拓和石油搅乱;希望转向欧洲央行"""
477,1172,No,市场," ""欧洲股市暴跌，被必和必拓和石油搅乱;希望转向欧洲央行"""
478,1172,No,股票," ""欧洲股市暴跌，被必和必拓和石油搅乱;希望转向欧洲央行"""
479,1172,No,其他," ""欧洲股市暴跌，被必和必拓和石油搅乱;希望转向欧洲央行"""
480,1183,No,公司,Morrisons 和 Debenhams 的圣诞反弹给城市带来惊喜
481,1183,No,经济,Morrisons 和 Debenhams 的圣诞反弹给城市带来惊喜
482,1183,No,市场,Morrisons 和 Debenhams 的圣诞反弹给城市带来惊喜
483,1183,Yes,股票,Morrisons 和 Debenhams 的圣诞反弹给城市带来惊喜
484,1183,No,其他,Morrisons 和 Debenhams 的圣诞反弹给城市带来惊喜
485,1190,No,公司," ""英国富时指数回落，阿什特德、大宗商品承压"""
486,1190,No,经济," ""英国富时指数回落，阿什特德、大宗商品承压"""
487,1190,Yes,市场," ""英国富时指数回落，阿什特德、大宗商品承压"""
488,1190,No,股票," ""英国富时指数回落，阿什特德、大宗商品承压"""
489,1190,No,其他," ""英国富时指数回落，阿什特德、大宗商品承压"""
490,1192,No,公司,圣诞销售超出预期后，乐购股价跳涨 6%。
491,1192,No,经济,圣诞销售超出预期后，乐购股价跳涨 6%。
492,1192,No,市场,圣诞销售超出预期后，乐购股价跳涨 6%。
493,1192,No,股票,圣诞销售超出预期后，乐购股价跳涨 6%。
494,1192,Yes,其他,圣诞销售超出预期后，乐购股价跳涨 6%。
495,1195,Yes,公司," ""BPM 和 UBI 的首席执行官会见意大利经济部长，并购话题升温"""
496,1195,No,经济," ""BPM 和 UBI 的首席执行官会见意大利经济部长，并购话题升温"""
497,1195,No,市场," ""BPM 和 UBI 的首席执行官会见意大利经济部长，并购话题升温"""
498,1195,No,股票," ""BPM 和 UBI 的首席执行官会见意大利经济部长，并购话题升温"""
499,1195,No,其他," ""BPM 和 UBI 的首席执行官会见意大利经济部长，并购话题升温"""
500,1200,No,公司,"公司家居零售业缩减涨幅，但被认为是 ""有戏""。"
501,1200,No,经济,"公司家居零售业缩减涨幅，但被认为是 ""有戏""。"
502,1200,No,市场,"公司家居零售业缩减涨幅，但被认为是 ""有戏""。"
503,1200,Yes,股票,"公司家居零售业缩减涨幅，但被认为是 ""有戏""。"
504,1200,No,其他,"公司家居零售业缩减涨幅，但被认为是 ""有戏""。"
505,1202,No,公司,菲律宾圣米格尔公司表示，如果麒麟公司竞标 SABMiller 公司，将与麒麟公司合作 ...
506,1202,No,经济,菲律宾圣米格尔公司表示，如果麒麟公司竞标 SABMiller 公司，将与麒麟公司合作 ...
507,1202,No,市场,菲律宾圣米格尔公司表示，如果麒麟公司竞标 SABMiller 公司，将与麒麟公司合作 ...
508,1202,No,股票,菲律宾圣米格尔公司表示，如果麒麟公司竞标 SABMiller 公司，将与麒麟公司合作 ...
509,1202,Yes,其他,菲律宾圣米格尔公司表示，如果麒麟公司竞标 SABMiller 公司，将与麒麟公司合作 ...
510,1203,Yes,公司,投资者对壳牌-BG 交易仍持怀疑态度
511,1203,No,经济,投资者对壳牌-BG 交易仍持怀疑态度
512,1203,No,市场,投资者对壳牌-BG 交易仍持怀疑态度
513,1203,No,股票,投资者对壳牌-BG 交易仍持怀疑态度
514,1203,No,其他,投资者对壳牌-BG 交易仍持怀疑态度
515,1210,No,公司,市场 Shire 公司上涨 2.5%，Baxalta 公司因 320 亿美元的交易上涨 6%。
516,1210,No,经济,市场 Shire 公司上涨 2.5%，Baxalta 公司因 320 亿美元的交易上涨 6%。
517,1210,No,市场,市场 Shire 公司上涨 2.5%，Baxalta 公司因 320 亿美元的交易上涨 6%。
518,1210,No,股票,市场 Shire 公司上涨 2.5%，Baxalta 公司因 320 亿美元的交易上涨 6%。
519,1210,Yes,其他,市场 Shire 公司上涨 2.5%，Baxalta 公司因 320 亿美元的交易上涨 6%。
520,1217,No,公司,Shire 股价在 320 亿美元的 Baxalta 交易后受到压力
521,1217,No,经济,Shire 股价在 320 亿美元的 Baxalta 交易后受到压力
522,1217,No,市场,Shire 股价在 320 亿美元的 Baxalta 交易后受到压力
523,1217,Yes,股票,Shire 股价在 320 亿美元的 Baxalta 交易后受到压力
524,1217,No,其他,Shire 股价在 320 亿美元的 Baxalta 交易后受到压力
525,1218,No,公司,Valeant 任命临时领导人，首席执行官继续住院治疗
526,1218,No,经济,Valeant 任命临时领导人，首席执行官继续住院治疗
527,1218,No,市场,Valeant 任命临时领导人，首席执行官继续住院治疗
528,1218,No,股票,Valeant 任命临时领导人，首席执行官继续住院治疗
529,1218,Yes,其他,Valeant 任命临时领导人，首席执行官继续住院治疗
530,1222,No,公司,Valeant 称将任命新 CEO 皮尔森仍在住院治疗
531,1222,No,经济,Valeant 称将任命新 CEO 皮尔森仍在住院治疗
532,1222,No,市场,Valeant 称将任命新 CEO 皮尔森仍在住院治疗
533,1222,No,股票,Valeant 称将任命新 CEO 皮尔森仍在住院治疗
534,1222,Yes,其他,Valeant 称将任命新 CEO 皮尔森仍在住院治疗
535,1223,No,公司,BAE 系统公司股票因评级提升而创 10 个月新高
536,1223,No,经济,BAE 系统公司股票因评级提升而创 10 个月新高
537,1223,No,市场,BAE 系统公司股票因评级提升而创 10 个月新高
538,1223,No,股票,BAE 系统公司股票因评级提升而创 10 个月新高
539,1223,Yes,其他,BAE 系统公司股票因评级提升而创 10 个月新高
540,1224,No,公司,日本朝日公司将在下周提交对 SABMiller 的 Grolsch 和 Peroni 的竞标 - Yomiuri
541,1224,No,经济,日本朝日公司将在下周提交对 SABMiller 的 Grolsch 和 Peroni 的竞标 - Yomiuri
542,1224,No,市场,日本朝日公司将在下周提交对 SABMiller 的 Grolsch 和 Peroni 的竞标 - Yomiuri
543,1224,No,股票,日本朝日公司将在下周提交对 SABMiller 的 Grolsch 和 Peroni 的竞标 - Yomiuri
544,1224,Yes,其他,日本朝日公司将在下周提交对 SABMiller 的 Grolsch 和 Peroni 的竞标 - Yomiuri
545,1230,No,公司,公司 Dixons Carphone 将关闭 134 家英国门店，因为销售额大增
546,1230,No,经济,公司 Dixons Carphone 将关闭 134 家英国门店，因为销售额大增
547,1230,No,市场,公司 Dixons Carphone 将关闭 134 家英国门店，因为销售额大增
548,1230,No,股票,公司 Dixons Carphone 将关闭 134 家英国门店，因为销售额大增
549,1230,Yes,其他,公司 Dixons Carphone 将关闭 134 家英国门店，因为销售额大增
550,1239,Yes,公司," ""经纪人提示。苏格兰皇家银行、Croda、Sage"""
551,1239,No,经济," ""经纪人提示。苏格兰皇家银行、Croda、Sage"""
552,1239,No,市场," ""经纪人提示。苏格兰皇家银行、Croda、Sage"""
553,1239,No,股票," ""经纪人提示。苏格兰皇家银行、Croda、Sage"""
554,1239,No,其他," ""经纪人提示。苏格兰皇家银行、Croda、Sage"""
555,1241,Yes,公司,壳牌股价。渣打银行宣布反对收购 BG 的立场
556,1241,No,经济,壳牌股价。渣打银行宣布反对收购 BG 的立场
557,1241,No,市场,壳牌股价。渣打银行宣布反对收购 BG 的立场
558,1241,No,股票,壳牌股价。渣打银行宣布反对收购 BG 的立场
559,1241,No,其他,壳牌股价。渣打银行宣布反对收购 BG 的立场
560,1242,No,公司,Tesco 股价下跌，杂货商面临 SFO 的调查结果
561,1242,No,经济,Tesco 股价下跌，杂货商面临 SFO 的调查结果
562,1242,No,市场,Tesco 股价下跌，杂货商面临 SFO 的调查结果
563,1242,Yes,股票,Tesco 股价下跌，杂货商面临 SFO 的调查结果
564,1242,No,其他,Tesco 股价下跌，杂货商面临 SFO 的调查结果
565,1243,No,公司," ""英国富时指数表现优于欧洲，皇家邮政和乐购上涨"""
566,1243,No,经济," ""英国富时指数表现优于欧洲，皇家邮政和乐购上涨"""
567,1243,Yes,市场," ""英国富时指数表现优于欧洲，皇家邮政和乐购上涨"""
568,1243,No,股票," ""英国富时指数表现优于欧洲，皇家邮政和乐购上涨"""
569,1243,No,其他," ""英国富时指数表现优于欧洲，皇家邮政和乐购上涨"""
570,1256,No,公司,Greene King 第三季度的销售额受到节日的推动
571,1256,No,经济,Greene King 第三季度的销售额受到节日的推动
572,1256,No,市场,Greene King 第三季度的销售额受到节日的推动
573,1256,No,股票,Greene King 第三季度的销售额受到节日的推动
574,1256,Yes,其他,Greene King 第三季度的销售额受到节日的推动
575,1283,No,公司,洲际酒店集团股价因 15 亿美元的特别股息而攀升
576,1283,No,经济,洲际酒店集团股价因 15 亿美元的特别股息而攀升
577,1283,No,市场,洲际酒店集团股价因 15 亿美元的特别股息而攀升
578,1283,No,股票,洲际酒店集团股价因 15 亿美元的特别股息而攀升
579,1283,No,其他,洲际酒店集团股价因 15 亿美元的特别股息而攀升
580,1284,No,公司,亚马逊将通过莫里森交易进攻英国杂货店市场
581,1284,No,经济,亚马逊将通过莫里森交易进攻英国杂货店市场
582,1284,Yes,市场,亚马逊将通过莫里森交易进攻英国杂货店市场
583,1284,No,股票,亚马逊将通过莫里森交易进攻英国杂货店市场
584,1284,No,其他,亚马逊将通过莫里森交易进攻英国杂货店市场
585,1287,Yes,公司,阿斯利康股价。阿斯利康的交易因孤儿药地位而得到回报
586,1287,No,经济,阿斯利康股价。阿斯利康的交易因孤儿药地位而得到回报
587,1287,No,市场,阿斯利康股价。阿斯利康的交易因孤儿药地位而得到回报
588,1287,No,股票,阿斯利康股价。阿斯利康的交易因孤儿药地位而得到回报
589,1287,No,其他,阿斯利康股价。阿斯利康的交易因孤儿药地位而得到回报
590,1288,No,公司," ""必和必拓公布巨额亏损，削减股息"""
591,1288,No,经济," ""必和必拓公布巨额亏损，削减股息"""
592,1288,No,市场," ""必和必拓公布巨额亏损，削减股息"""
593,1288,No,股票," ""必和必拓公布巨额亏损，削减股息"""
594,1288,No,其他," ""必和必拓公布巨额亏损，削减股息"""
595,1289,Yes,公司,合并后的伦敦证券交易所和德意志交易所将由德国的 Kengeter 领导。
596,1289,No,经济,合并后的伦敦证券交易所和德意志交易所将由德国的 Kengeter 领导。
597,1289,No,市场,合并后的伦敦证券交易所和德意志交易所将由德国的 Kengeter 领导。
598,1289,No,股票,合并后的伦敦证券交易所和德意志交易所将由德国的 Kengeter 领导。
599,1289,No,其他,合并后的伦敦证券交易所和德意志交易所将由德国的 Kengeter 领导。
600,1297,Yes,公司," ""你应该购买巨额收益的英美烟草公司、Centrica PLC 和 John Wood Group PLC 吗?"""
601,1297,No,经济," ""你应该购买巨额收益的英美烟草公司、Centrica PLC 和 John Wood Group PLC 吗?"""
602,1297,No,市场," ""你应该购买巨额收益的英美烟草公司、Centrica PLC 和 John Wood Group PLC 吗?"""
603,1297,No,股票," ""你应该购买巨额收益的英美烟草公司、Centrica PLC 和 John Wood Group PLC 吗?"""
604,1297,No,其他," ""你应该购买巨额收益的英美烟草公司、Centrica PLC 和 John Wood Group PLC 吗?"""
605,1311,Yes,公司,Legal & General Group Plc 和 Aviva plc 正在酝酿麻烦吗?
606,1311,No,经济,Legal & General Group Plc 和 Aviva plc 正在酝酿麻烦吗?
607,1311,No,市场,Legal & General Group Plc 和 Aviva plc 正在酝酿麻烦吗?
608,1311,No,股票,Legal & General Group Plc 和 Aviva plc 正在酝酿麻烦吗?
609,1311,No,其他,Legal & General Group Plc 和 Aviva plc 正在酝酿麻烦吗?
610,1313,No,公司,必和必拓削减股息后拖累富时指数走低
611,1313,No,经济,必和必拓削减股息后拖累富时指数走低
612,1313,No,市场,必和必拓削减股息后拖累富时指数走低
613,1313,No,股票,必和必拓削减股息后拖累富时指数走低
614,1313,No,其他,必和必拓削减股息后拖累富时指数走低
615,1314,No,公司," ""必和必拓削减股息，公布 56.7 亿美元净亏损"""
616,1314,No,经济," ""必和必拓削减股息，公布 56.7 亿美元净亏损"""
617,1314,No,市场," ""必和必拓削减股息，公布 56.7 亿美元净亏损"""
618,1314,No,股票," ""必和必拓削减股息，公布 56.7 亿美元净亏损"""
619,1314,No,其他," ""必和必拓削减股息，公布 56.7 亿美元净亏损"""
620,1315,No,公司,公司 Meggitt 利润受到能源和军事市场疲软的打击
621,1315,No,经济,公司 Meggitt 利润受到能源和军事市场疲软的打击
622,1315,Yes,市场,公司 Meggitt 利润受到能源和军事市场疲软的打击
623,1315,No,股票,公司 Meggitt 利润受到能源和军事市场疲软的打击
624,1315,No,其他,公司 Meggitt 利润受到能源和军事市场疲软的打击
625,1316,No,公司,英国皇家邮政股价走低，集团上调邮票价格
626,1316,No,经济,英国皇家邮政股价走低，集团上调邮票价格
627,1316,No,市场,英国皇家邮政股价走低，集团上调邮票价格
628,1316,Yes,股票,英国皇家邮政股价走低，集团上调邮票价格
629,1316,No,其他,英国皇家邮政股价走低，集团上调邮票价格
630,1323,No,公司,葛兰素史克公司开始寻找首席执行官威蒂的继任者
631,1323,No,经济,葛兰素史克公司开始寻找首席执行官威蒂的继任者
632,1323,No,市场,葛兰素史克公司开始寻找首席执行官威蒂的继任者
633,1323,No,股票,葛兰素史克公司开始寻找首席执行官威蒂的继任者
634,1323,Yes,其他,葛兰素史克公司开始寻找首席执行官威蒂的继任者
635,1324,No,公司," ""力拓摇身一变成了亏损，放弃了股息政策"""
636,1324,No,经济," ""力拓摇身一变成了亏损，放弃了股息政策"""
637,1324,No,市场," ""力拓摇身一变成了亏损，放弃了股息政策"""
638,1324,No,股票," ""力拓摇身一变成了亏损，放弃了股息政策"""
639,1324,No,其他," ""力拓摇身一变成了亏损，放弃了股息政策"""
640,1327,Yes,公司,法国对拟议中的伦敦证券交易所-德意志银行交易提出关切
641,1327,No,经济,法国对拟议中的伦敦证券交易所-德意志银行交易提出关切
642,1327,No,市场,法国对拟议中的伦敦证券交易所-德意志银行交易提出关切
643,1327,No,股票,法国对拟议中的伦敦证券交易所-德意志银行交易提出关切
644,1327,No,其他,法国对拟议中的伦敦证券交易所-德意志银行交易提出关切
645,1334,No,公司,市场 BP 提升上游老板为副 CEO
646,1334,No,经济,市场 BP 提升上游老板为副 CEO
647,1334,No,市场,市场 BP 提升上游老板为副 CEO
648,1334,No,股票,市场 BP 提升上游老板为副 CEO
649,1334,Yes,其他,市场 BP 提升上游老板为副 CEO
650,1336,No,公司,Legal & General股价。财务总监将卸任
651,1336,No,经济,Legal & General股价。财务总监将卸任
652,1336,No,市场,Legal & General股价。财务总监将卸任
653,1336,No,股票,Legal & General股价。财务总监将卸任
654,1336,Yes,其他,Legal & General股价。财务总监将卸任
655,1343,No,公司,巴克莱银行从摩根大通挖来新的首席运营官 Paul Compton
656,1343,No,经济,巴克莱银行从摩根大通挖来新的首席运营官 Paul Compton
657,1343,No,市场,巴克莱银行从摩根大通挖来新的首席运营官 Paul Compton
658,1343,No,股票,巴克莱银行从摩根大通挖来新的首席运营官 Paul Compton
659,1343,Yes,其他,巴克莱银行从摩根大通挖来新的首席运营官 Paul Compton
660,1346,No,公司,Arm 的利润和销售增长，因为从移动端转移的步伐加快了
661,1346,No,经济,Arm 的利润和销售增长，因为从移动端转移的步伐加快了
662,1346,No,市场,Arm 的利润和销售增长，因为从移动端转移的步伐加快了
663,1346,No,股票,Arm 的利润和销售增长，因为从移动端转移的步伐加快了
664,1346,Yes,其他,Arm 的利润和销售增长，因为从移动端转移的步伐加快了
665,1349,No,公司,巴克莱银行任命摩根大通的 Paul Compton 为新的首席运营官
666,1349,No,经济,巴克莱银行任命摩根大通的 Paul Compton 为新的首席运营官
667,1349,No,市场,巴克莱银行任命摩根大通的 Paul Compton 为新的首席运营官
668,1349,No,股票,巴克莱银行任命摩根大通的 Paul Compton 为新的首席运营官
669,1349,Yes,其他,巴克莱银行任命摩根大通的 Paul Compton 为新的首席运营官
670,1350,Yes,公司," ""FastJet 抨击 EasyJet 创始人 Stelios 上市，正在就有关合同的信件 ""接受法律咨询 ""..."""
671,1350,No,经济," ""FastJet 抨击 EasyJet 创始人 Stelios 上市，正在就有关合同的信件 ""接受法律咨询 ""..."""
672,1350,No,市场," ""FastJet 抨击 EasyJet 创始人 Stelios 上市，正在就有关合同的信件 ""接受法律咨询 ""..."""
673,1350,No,股票," ""FastJet 抨击 EasyJet 创始人 Stelios 上市，正在就有关合同的信件 ""接受法律咨询 ""..."""
674,1350,No,其他," ""FastJet 抨击 EasyJet 创始人 Stelios 上市，正在就有关合同的信件 ""接受法律咨询 ""..."""
675,1353,Yes,公司,纽约证券交易所所有者 ICE 考虑对伦敦证券交易所提出收购要约
676,1353,No,经济,纽约证券交易所所有者 ICE 考虑对伦敦证券交易所提出收购要约
677,1353,No,市场,纽约证券交易所所有者 ICE 考虑对伦敦证券交易所提出收购要约
678,1353,No,股票,纽约证券交易所所有者 ICE 考虑对伦敦证券交易所提出收购要约
679,1353,No,其他,纽约证券交易所所有者 ICE 考虑对伦敦证券交易所提出收购要约
680,1356,Yes,公司,新闻提要富时 100 指数走势。伦交所大涨，ICE 称正在考虑报价;阿什特德和巴克 莱下跌
681,1356,No,经济,新闻提要富时 100 指数走势。伦交所大涨，ICE 称正在考虑报价;阿什特德和巴克 莱下跌
682,1356,No,市场,新闻提要富时 100 指数走势。伦交所大涨，ICE 称正在考虑报价;阿什特德和巴克 莱下跌
683,1356,No,股票,新闻提要富时 100 指数走势。伦交所大涨，ICE 称正在考虑报价;阿什特德和巴克 莱下跌
684,1356,No,其他,新闻提要富时 100 指数走势。伦交所大涨，ICE 称正在考虑报价;阿什特德和巴克 莱下跌
685,1360,No,公司,Balfour Beatty公司将恢复股息(并再次与 National Grid公司和 Centrica公司竞争?)
686,1360,No,经济,Balfour Beatty公司将恢复股息(并再次与 National Grid公司和 Centrica公司竞争?)
687,1360,No,市场,Balfour Beatty公司将恢复股息(并再次与 National Grid公司和 Centrica公司竞争?)
688,1360,No,股票,Balfour Beatty公司将恢复股息(并再次与 National Grid公司和 Centrica公司竞争?)
689,1360,No,其他,Balfour Beatty公司将恢复股息(并再次与 National Grid公司和 Centrica公司竞争?)
690,1365,No,公司,Intertek 因石油价格下跌而亏损 347 百万英镑
691,1365,No,经济,Intertek 因石油价格下跌而亏损 347 百万英镑
692,1365,Yes,市场,Intertek 因石油价格下跌而亏损 347 百万英镑
693,1365,No,股票,Intertek 因石油价格下跌而亏损 347 百万英镑
694,1365,No,其他,Intertek 因石油价格下跌而亏损 347 百万英镑
695,1372,No,公司,赛诺菲挖走阿斯利康的科学家作为新的研究主管
696,1372,No,经济,赛诺菲挖走阿斯利康的科学家作为新的研究主管
697,1372,No,市场,赛诺菲挖走阿斯利康的科学家作为新的研究主管
698,1372,No,股票,赛诺菲挖走阿斯利康的科学家作为新的研究主管
699,1372,Yes,其他,赛诺菲挖走阿斯利康的科学家作为新的研究主管
700,1373,No,公司,乐购打破颓势，将销售下滑幅度减半
701,1373,No,经济,乐购打破颓势，将销售下滑幅度减半
702,1373,No,市场,乐购打破颓势，将销售下滑幅度减半
703,1373,No,股票,乐购打破颓势，将销售下滑幅度减半
704,1373,Yes,其他,乐购打破颓势，将销售下滑幅度减半
705,1376,No,公司," ""新闻联播施罗德公司盈利增长稳健，董事会几经变动"""
706,1376,No,经济," ""新闻联播施罗德公司盈利增长稳健，董事会几经变动"""
707,1376,No,市场," ""新闻联播施罗德公司盈利增长稳健，董事会几经变动"""
708,1376,Yes,股票," ""新闻联播施罗德公司盈利增长稳健，董事会几经变动"""
709,1376,No,其他," ""新闻联播施罗德公司盈利增长稳健，董事会几经变动"""
710,1378,No,公司,Intertek 集团宣布战略更新，概述其计划
711,1378,No,经济,Intertek 集团宣布战略更新，概述其计划
712,1378,No,市场,Intertek 集团宣布战略更新，概述其计划
713,1378,No,股票,Intertek 集团宣布战略更新，概述其计划
714,1378,Yes,其他,Intertek 集团宣布战略更新，概述其计划
715,1379,Yes,公司,伦敦证券交易所与德国德意志证券交易所达成 220 亿英镑的合并协议
716,1379,No,经济,伦敦证券交易所与德国德意志证券交易所达成 220 亿英镑的合并协议
717,1379,No,市场,伦敦证券交易所与德国德意志证券交易所达成 220 亿英镑的合并协议
718,1379,No,股票,伦敦证券交易所与德国德意志证券交易所达成 220 亿英镑的合并协议
719,1379,No,其他,伦敦证券交易所与德国德意志证券交易所达成 220 亿英镑的合并协议
720,1380,Yes,公司,纽约证券交易所的所有者 ICE 可能会阻挠德交所与伦交所的合并
721,1380,No,经济,纽约证券交易所的所有者 ICE 可能会阻挠德交所与伦交所的合并
722,1380,No,市场,纽约证券交易所的所有者 ICE 可能会阻挠德交所与伦交所的合并
723,1380,No,股票,纽约证券交易所的所有者 ICE 可能会阻挠德交所与伦交所的合并
724,1380,No,其他,纽约证券交易所的所有者 ICE 可能会阻挠德交所与伦交所的合并
725,1381,No,公司,百威英博将出售 SABMiller 在中国雪花啤酒的股份
726,1381,No,经济,百威英博将出售 SABMiller 在中国雪花啤酒的股份
727,1381,No,市场,百威英博将出售 SABMiller 在中国雪花啤酒的股份
728,1381,No,股票,百威英博将出售 SABMiller 在中国雪花啤酒的股份
729,1381,Yes,其他,百威英博将出售 SABMiller 在中国雪花啤酒的股份
730,1383,Yes,公司,LSE-Deutsche Boerse 的合并将标志着交易所巨额交易的结束
731,1383,No,经济,LSE-Deutsche Boerse 的合并将标志着交易所巨额交易的结束
732,1383,No,市场,LSE-Deutsche Boerse 的合并将标志着交易所巨额交易的结束
733,1383,No,股票,LSE-Deutsche Boerse 的合并将标志着交易所巨额交易的结束
734,1383,No,其他,LSE-Deutsche Boerse 的合并将标志着交易所巨额交易的结束
735,1387,No,公司,苏格兰皇家银行支付 17 亿美元以废除英国财政部的股息权
736,1387,No,经济,苏格兰皇家银行支付 17 亿美元以废除英国财政部的股息权
737,1387,No,市场,苏格兰皇家银行支付 17 亿美元以废除英国财政部的股息权
738,1387,No,股票,苏格兰皇家银行支付 17 亿美元以废除英国财政部的股息权
739,1387,No,其他,苏格兰皇家银行支付 17 亿美元以废除英国财政部的股息权
740,1396,No,公司,行业新闻在喜忧参半的市场中，沃斯利对重新恢复活力充满信心
741,1396,No,经济,行业新闻在喜忧参半的市场中，沃斯利对重新恢复活力充满信心
742,1396,Yes,市场,行业新闻在喜忧参半的市场中，沃斯利对重新恢复活力充满信心
743,1396,No,股票,行业新闻在喜忧参半的市场中，沃斯利对重新恢复活力充满信心
744,1396,No,其他,行业新闻在喜忧参半的市场中，沃斯利对重新恢复活力充满信心
745,1402,No,公司,"乐购被批 ""可耻 ""的广告显示家政工人被打耳光"
746,1402,No,经济,"乐购被批 ""可耻 ""的广告显示家政工人被打耳光"
747,1402,No,市场,"乐购被批 ""可耻 ""的广告显示家政工人被打耳光"
748,1402,No,股票,"乐购被批 ""可耻 ""的广告显示家政工人被打耳光"
749,1402,Yes,其他,"乐购被批 ""可耻 ""的广告显示家政工人被打耳光"
750,1405,No,公司,英国富时指数上涨，投资者对翠丰的业绩感到高兴
751,1405,No,经济,英国富时指数上涨，投资者对翠丰的业绩感到高兴
752,1405,No,市场,英国富时指数上涨，投资者对翠丰的业绩感到高兴
753,1405,Yes,股票,英国富时指数上涨，投资者对翠丰的业绩感到高兴
754,1405,No,其他,英国富时指数上涨，投资者对翠丰的业绩感到高兴
755,1410,No,公司,巴克莱债券上涨，贷款人削减股息以支撑资本
756,1410,No,经济,巴克莱债券上涨，贷款人削减股息以支撑资本
757,1410,No,市场,巴克莱债券上涨，贷款人削减股息以支撑资本
758,1410,No,股票,巴克莱债券上涨，贷款人削减股息以支撑资本
759,1410,No,其他,巴克莱债券上涨，贷款人削减股息以支撑资本
760,1412,No,公司,英国富时指数从保诚的业绩中得到提升
761,1412,No,经济,英国富时指数从保诚的业绩中得到提升
762,1412,No,市场,英国富时指数从保诚的业绩中得到提升
763,1412,Yes,股票,英国富时指数从保诚的业绩中得到提升
764,1412,No,其他,英国富时指数从保诚的业绩中得到提升
765,1415,No,公司,亚马逊与莫里森的杂货店交易只是个开始
766,1415,No,经济,亚马逊与莫里森的杂货店交易只是个开始
767,1415,No,市场,亚马逊与莫里森的杂货店交易只是个开始
768,1415,No,股票,亚马逊与莫里森的杂货店交易只是个开始
769,1415,Yes,其他,亚马逊与莫里森的杂货店交易只是个开始
770,1425,Yes,公司,ICE 据说开始为 LSE 竞标战排队融资
771,1425,No,经济,ICE 据说开始为 LSE 竞标战排队融资
772,1425,No,市场,ICE 据说开始为 LSE 竞标战排队融资
773,1425,No,股票,ICE 据说开始为 LSE 竞标战排队融资
774,1425,No,其他,ICE 据说开始为 LSE 竞标战排队融资
775,1426,No,公司," ""英国石油公司、挪威国家石油公司在火箭弹袭击后将从阿尔及利亚撤走工作人员 """
776,1426,No,经济," ""英国石油公司、挪威国家石油公司在火箭弹袭击后将从阿尔及利亚撤走工作人员 """
777,1426,No,市场," ""英国石油公司、挪威国家石油公司在火箭弹袭击后将从阿尔及利亚撤走工作人员 """
778,1426,No,股票," ""英国石油公司、挪威国家石油公司在火箭弹袭击后将从阿尔及利亚撤走工作人员 """
779,1426,Yes,其他," ""英国石油公司、挪威国家石油公司在火箭弹袭击后将从阿尔及利亚撤走工作人员 """
780,1431,Yes,公司,默克尔政府被指支持德交所-伦交所合并案
781,1431,No,经济,默克尔政府被指支持德交所-伦交所合并案
782,1431,No,市场,默克尔政府被指支持德交所-伦交所合并案
783,1431,No,股票,默克尔政府被指支持德交所-伦交所合并案
784,1431,No,其他,默克尔政府被指支持德交所-伦交所合并案
785,1435,No,公司,英杰华在超过利润预期后权衡现金派发问题
786,1435,No,经济,英杰华在超过利润预期后权衡现金派发问题
787,1435,No,市场,英杰华在超过利润预期后权衡现金派发问题
788,1435,No,股票,英杰华在超过利润预期后权衡现金派发问题
789,1435,No,其他,英杰华在超过利润预期后权衡现金派发问题
790,1436,No,公司," ""世界上最大的广告公司 WPP，报告 2015 年强劲增长"""
791,1436,No,经济," ""世界上最大的广告公司 WPP，报告 2015 年强劲增长"""
792,1436,No,市场," ""世界上最大的广告公司 WPP，报告 2015 年强劲增长"""
793,1436,Yes,股票," ""世界上最大的广告公司 WPP，报告 2015 年强劲增长"""
794,1436,No,其他," ""世界上最大的广告公司 WPP，报告 2015 年强劲增长"""
795,1443,No,公司," ""沙特石油公司和壳牌公司计划拆散 Motiva 公司，分割资产"""
796,1443,No,经济," ""沙特石油公司和壳牌公司计划拆散 Motiva 公司，分割资产"""
797,1443,No,市场," ""沙特石油公司和壳牌公司计划拆散 Motiva 公司，分割资产"""
798,1443,No,股票," ""沙特石油公司和壳牌公司计划拆散 Motiva 公司，分割资产"""
799,1443,Yes,其他," ""沙特石油公司和壳牌公司计划拆散 Motiva 公司，分割资产"""
800,1449,Yes,公司,百威英博将出售更多 SAB 资产，寻求欧盟交易批准
801,1449,No,经济,百威英博将出售更多 SAB 资产，寻求欧盟交易批准
802,1449,No,市场,百威英博将出售更多 SAB 资产，寻求欧盟交易批准
803,1449,No,股票,百威英博将出售更多 SAB 资产，寻求欧盟交易批准
804,1449,No,其他,百威英博将出售更多 SAB 资产，寻求欧盟交易批准
805,1455,No,公司,乐购的销售回升并不足
806,1455,No,经济,乐购的销售回升并不足
807,1455,No,市场,乐购的销售回升并不足
808,1455,No,股票,乐购的销售回升并不足
809,1455,Yes,其他,乐购的销售回升并不足
810,1462,No,公司,西班牙 CaixaBank 预计将完成对 BPI 银行的交易
811,1462,No,经济,西班牙 CaixaBank 预计将完成对 BPI 银行的交易
812,1462,No,市场,西班牙 CaixaBank 预计将完成对 BPI 银行的交易
813,1462,No,股票,西班牙 CaixaBank 预计将完成对 BPI 银行的交易
814,1462,Yes,其他,西班牙 CaixaBank 预计将完成对 BPI 银行的交易
815,1463,Yes,公司,ITV 股价。集团酝酿收购加拿大的 Entertainment One 公司
816,1463,No,经济,ITV 股价。集团酝酿收购加拿大的 Entertainment One 公司
817,1463,No,市场,ITV 股价。集团酝酿收购加拿大的 Entertainment One 公司
818,1463,No,股票,ITV 股价。集团酝酿收购加拿大的 Entertainment One 公司
819,1463,No,其他,ITV 股价。集团酝酿收购加拿大的 Entertainment One 公司
820,1469,Yes,公司,娱乐一号辟谣 ITV 收购传言
821,1469,No,经济,娱乐一号辟谣 ITV 收购传言
822,1469,No,市场,娱乐一号辟谣 ITV 收购传言
823,1469,No,股票,娱乐一号辟谣 ITV 收购传言
824,1469,No,其他,娱乐一号辟谣 ITV 收购传言
825,1475,No,公司,GE 将向阿里巴巴银行出售 BPH 银行核心银行的大部分股权
826,1475,No,经济,GE 将向阿里巴巴银行出售 BPH 银行核心银行的大部分股权
827,1475,No,市场,GE 将向阿里巴巴银行出售 BPH 银行核心银行的大部分股权
828,1475,Yes,股票,GE 将向阿里巴巴银行出售 BPH 银行核心银行的大部分股权
829,1475,No,其他,GE 将向阿里巴巴银行出售 BPH 银行核心银行的大部分股权
830,1476,No,公司,塔塔钢铁与 StanChart 合作出售英国单位--消息来源
831,1476,No,经济,塔塔钢铁与 StanChart 合作出售英国单位--消息来源
832,1476,No,市场,塔塔钢铁与 StanChart 合作出售英国单位--消息来源
833,1476,Yes,股票,塔塔钢铁与 StanChart 合作出售英国单位--消息来源
834,1476,Yes,其他,塔塔钢铁与 StanChart 合作出售英国单位--消息来源
835,1487,Yes,公司,Crown Castle 以 4.61 亿美元收购 Tower Development Corp。
836,1487,No,经济,Crown Castle 以 4.61 亿美元收购 Tower Development Corp。
837,1487,No,市场,Crown Castle 以 4.61 亿美元收购 Tower Development Corp。
838,1487,No,股票,Crown Castle 以 4.61 亿美元收购 Tower Development Corp。
839,1487,No,其他,Crown Castle 以 4.61 亿美元收购 Tower Development Corp。
840,1492,No,公司,乐购以 9000 万英镑的价格将电子商务网站 Lazada 的一半股份出售给阿里巴巴。
841,1492,No,经济,乐购以 9000 万英镑的价格将电子商务网站 Lazada 的一半股份出售给阿里巴巴。
842,1492,No,市场,乐购以 9000 万英镑的价格将电子商务网站 Lazada 的一半股份出售给阿里巴巴。
843,1492,Yes,股票,乐购以 9000 万英镑的价格将电子商务网站 Lazada 的一半股份出售给阿里巴巴。
844,1492,No,其他,乐购以 9000 万英镑的价格将电子商务网站 Lazada 的一半股份出售给阿里巴巴。
845,1496,No,公司," ""CaixaBank 和多斯桑托斯就 BPI 安哥拉风险敞口计划达成一致"""
846,1496,No,经济," ""CaixaBank 和多斯桑托斯就 BPI 安哥拉风险敞口计划达成一致"""
847,1496,No,市场," ""CaixaBank 和多斯桑托斯就 BPI 安哥拉风险敞口计划达成一致"""
848,1496,No,股票," ""CaixaBank 和多斯桑托斯就 BPI 安哥拉风险敞口计划达成一致"""
849,1496,Yes,其他," ""CaixaBank 和多斯桑托斯就 BPI 安哥拉风险敞口计划达成一致"""
850,1499,No,公司," ""BPI 称 Caixabank 与 Isabel dos Santos 就安哥拉风险敞口达成协议"""
851,1499,No,经济," ""BPI 称 Caixabank 与 Isabel dos Santos 就安哥拉风险敞口达成协议"""
852,1499,No,市场," ""BPI 称 Caixabank 与 Isabel dos Santos 就安哥拉风险敞口达成协议"""
853,1499,No,股票," ""BPI 称 Caixabank 与 Isabel dos Santos 就安哥拉风险敞口达成协议"""
854,1499,Yes,其他," ""BPI 称 Caixabank 与 Isabel dos Santos 就安哥拉风险敞口达成协议"""
855,1503,Yes,公司,西班牙 Caixabank 对 Banco BPI 发起新的收购要约
856,1503,No,经济,西班牙 Caixabank 对 Banco BPI 发起新的收购要约
857,1503,No,市场,西班牙 Caixabank 对 Banco BPI 发起新的收购要约
858,1503,No,股票,西班牙 Caixabank 对 Banco BPI 发起新的收购要约
859,1503,No,其他,西班牙 Caixabank 对 Banco BPI 发起新的收购要约
860,1507,No,公司," ""尽管销售增长，但英国乐购警告说复苏将是坎坷的"""
861,1507,No,经济," ""尽管销售增长，但英国乐购警告说复苏将是坎坷的"""
862,1507,No,市场," ""尽管销售增长，但英国乐购警告说复苏将是坎坷的"""
863,1507,No,股票," ""尽管销售增长，但英国乐购警告说复苏将是坎坷的"""
864,1507,Yes,其他," ""尽管销售增长，但英国乐购警告说复苏将是坎坷的"""
865,1508,Yes,公司,彭博社:ITV 将继续收购加拿大娱乐第一公司
866,1508,No,经济,彭博社:ITV 将继续收购加拿大娱乐第一公司
867,1508,No,市场,彭博社:ITV 将继续收购加拿大娱乐第一公司
868,1508,No,股票,彭博社:ITV 将继续收购加拿大娱乐第一公司
869,1508,No,其他,彭博社:ITV 将继续收购加拿大娱乐第一公司
870,1516,No,公司,Shire 认为新规则后 Baxalta 交易如期完成
871,1516,No,经济,Shire 认为新规则后 Baxalta 交易如期完成
872,1516,No,市场,Shire 认为新规则后 Baxalta 交易如期完成
873,1516,No,股票,Shire 认为新规则后 Baxalta 交易如期完成
874,1516,Yes,其他,Shire 认为新规则后 Baxalta 交易如期完成
875,1517,Yes,公司," ""华侨银行将收购巴克莱银行在新加坡和香港的财富管理部门"""
876,1517,No,经济," ""华侨银行将收购巴克莱银行在新加坡和香港的财富管理部门"""
877,1517,No,市场," ""华侨银行将收购巴克莱银行在新加坡和香港的财富管理部门"""
878,1517,No,股票," ""华侨银行将收购巴克莱银行在新加坡和香港的财富管理部门"""
879,1517,No,其他," ""华侨银行将收购巴克莱银行在新加坡和香港的财富管理部门"""
880,1528,No,公司,乐购股价稳定，分析师对业绩进行了评估
881,1528,No,经济,乐购股价稳定，分析师对业绩进行了评估
882,1528,No,市场,乐购股价稳定，分析师对业绩进行了评估
883,1528,Yes,股票,乐购股价稳定，分析师对业绩进行了评估
884,1528,No,其他,乐购股价稳定，分析师对业绩进行了评估
885,1530,No,公司,劳埃德银行集团股价上扬，有报道称该行准备裁减数百个英国职位
886,1530,No,经济,劳埃德银行集团股价上扬，有报道称该行准备裁减数百个英国职位
887,1530,No,市场,劳埃德银行集团股价上扬，有报道称该行准备裁减数百个英国职位
888,1530,Yes,股票,劳埃德银行集团股价上扬，有报道称该行准备裁减数百个英国职位
889,1530,No,其他,劳埃德银行集团股价上扬，有报道称该行准备裁减数百个英国职位
890,1545,Yes,公司,你应该跟随伯克希尔-哈撒韦买入苹果股票吗?
891,1545,No,经济,你应该跟随伯克希尔-哈撒韦买入苹果股票吗?
892,1545,No,市场,你应该跟随伯克希尔-哈撒韦买入苹果股票吗?
893,1545,No,股票,你应该跟随伯克希尔-哈撒韦买入苹果股票吗?
894,1545,No,其他,你应该跟随伯克希尔-哈撒韦买入苹果股票吗?
895,1554,No,公司,Morrisons 连续两个季度销售增长
896,1554,No,经济,Morrisons 连续两个季度销售增长
897,1554,No,市场,Morrisons 连续两个季度销售增长
898,1554,No,股票,Morrisons 连续两个季度销售增长
899,1554,Yes,其他,Morrisons 连续两个季度销售增长
900,1556,Yes,公司,英国皇家邮政从 Ofcom 的邮政监管报告中得到了不同的收获
901,1556,No,经济,英国皇家邮政从 Ofcom 的邮政监管报告中得到了不同的收获
902,1556,No,市场,英国皇家邮政从 Ofcom 的邮政监管报告中得到了不同的收获
903,1556,No,股票,英国皇家邮政从 Ofcom 的邮政监管报告中得到了不同的收获
904,1556,No,其他,英国皇家邮政从 Ofcom 的邮政监管报告中得到了不同的收获
905,1559,No,公司,最新消息 3-前巴克莱银行董事被美国指控向水管工提供非法小费
906,1559,No,经济,最新消息 3-前巴克莱银行董事被美国指控向水管工提供非法小费
907,1559,No,市场,最新消息 3-前巴克莱银行董事被美国指控向水管工提供非法小费
908,1559,Yes,股票,最新消息 3-前巴克莱银行董事被美国指控向水管工提供非法小费
909,1559,No,其他,最新消息 3-前巴克莱银行董事被美国指控向水管工提供非法小费
910,1560,No,公司," ""欧盟监管机构批准超过 1000 亿美元的百威英博和 SABMiller 交易"""
911,1560,No,经济," ""欧盟监管机构批准超过 1000 亿美元的百威英博和 SABMiller 交易"""
912,1560,No,市场," ""欧盟监管机构批准超过 1000 亿美元的百威英博和 SABMiller 交易"""
913,1560,No,股票," ""欧盟监管机构批准超过 1000 亿美元的百威英博和 SABMiller 交易"""
914,1560,Yes,其他," ""欧盟监管机构批准超过 1000 亿美元的百威英博和 SABMiller 交易"""
915,1568,Yes,公司,"零售巨头 Kingfisher 报告今年 ""稳健 ""的开局"
916,1568,No,经济,"零售巨头 Kingfisher 报告今年 ""稳健 ""的开局"
917,1568,No,市场,"零售巨头 Kingfisher 报告今年 ""稳健 ""的开局"
918,1568,No,股票,"零售巨头 Kingfisher 报告今年 ""稳健 ""的开局"
919,1568,No,其他,"零售巨头 Kingfisher 报告今年 ""稳健 ""的开局"
920,1581,Yes,公司," ""伯克希尔公司披露该部门与伊朗的关系，开始调查"""
921,1581,No,经济," ""伯克希尔公司披露该部门与伊朗的关系，开始调查"""
922,1581,No,市场," ""伯克希尔公司披露该部门与伊朗的关系，开始调查"""
923,1581,No,股票," ""伯克希尔公司披露该部门与伊朗的关系，开始调查"""
924,1581,No,其他," ""伯克希尔公司披露该部门与伊朗的关系，开始调查"""
925,1583,No,公司,伯克希尔-哈撒韦公司任命 Kara Raiguel 领导通用再保险公司部门
926,1583,No,经济,伯克希尔-哈撒韦公司任命 Kara Raiguel 领导通用再保险公司部门
927,1583,No,市场,伯克希尔-哈撒韦公司任命 Kara Raiguel 领导通用再保险公司部门
928,1583,No,股票,伯克希尔-哈撒韦公司任命 Kara Raiguel 领导通用再保险公司部门
929,1583,Yes,其他,伯克希尔-哈撒韦公司任命 Kara Raiguel 领导通用再保险公司部门
930,1585,No,公司," ""欧洲股市徘徊在 3 周低点附近，Dialog 和 BHP 下滑"""
931,1585,No,经济," ""欧洲股市徘徊在 3 周低点附近，Dialog 和 BHP 下滑"""
932,1585,No,市场," ""欧洲股市徘徊在 3 周低点附近，Dialog 和 BHP 下滑"""
933,1585,Yes,股票," ""欧洲股市徘徊在 3 周低点附近，Dialog 和 BHP 下滑"""
934,1585,No,其他," ""欧洲股市徘徊在 3 周低点附近，Dialog 和 BHP 下滑"""
935,1586,No,公司,Hargreaves Lansdown 在疲软的市场下看到资产上涨 2.6%。
936,1586,No,经济,Hargreaves Lansdown 在疲软的市场下看到资产上涨 2.6%。
937,1586,Yes,市场,Hargreaves Lansdown 在疲软的市场下看到资产上涨 2.6%。
938,1586,No,股票,Hargreaves Lansdown 在疲软的市场下看到资产上涨 2.6%。
939,1586,No,其他,Hargreaves Lansdown 在疲软的市场下看到资产上涨 2.6%。
940,1590,No,公司,澳大利亚批准了百威英博 1000 亿美元的 SABMiller 收购计划
941,1590,No,经济,澳大利亚批准了百威英博 1000 亿美元的 SABMiller 收购计划
942,1590,No,市场,澳大利亚批准了百威英博 1000 亿美元的 SABMiller 收购计划
943,1590,No,股票,澳大利亚批准了百威英博 1000 亿美元的 SABMiller 收购计划
944,1590,Yes,其他,澳大利亚批准了百威英博 1000 亿美元的 SABMiller 收购计划
945,1598,Yes,公司,古德温不会因苏格兰皇家银行而面临起诉
946,1598,No,经济,古德温不会因苏格兰皇家银行而面临起诉
947,1598,No,市场,古德温不会因苏格兰皇家银行而面临起诉
948,1598,No,股票,古德温不会因苏格兰皇家银行而面临起诉
949,1598,No,其他,古德温不会因苏格兰皇家银行而面临起诉
950,1599,No,公司,在艰难的英国市场上，英国皇家邮政的转机被证明是昂贵的。
951,1599,No,经济,在艰难的英国市场上，英国皇家邮政的转机被证明是昂贵的。
952,1599,Yes,市场,在艰难的英国市场上，英国皇家邮政的转机被证明是昂贵的。
953,1599,No,股票,在艰难的英国市场上，英国皇家邮政的转机被证明是昂贵的。
954,1599,No,其他,在艰难的英国市场上，英国皇家邮政的转机被证明是昂贵的。
955,1604,Yes,公司,Whitbread 买下 Pure 食品连锁店 49%的股份
956,1604,No,经济,Whitbread 买下 Pure 食品连锁店 49%的股份
957,1604,No,市场,Whitbread 买下 Pure 食品连锁店 49%的股份
958,1604,No,股票,Whitbread 买下 Pure 食品连锁店 49%的股份
959,1604,No,其他,Whitbread 买下 Pure 食品连锁店 49%的股份
960,1609,No,公司," ""随着英国脱欧投票的临近，爱尔兰人说要追逐渣打、苏格兰皇家银行"""
961,1609,No,经济," ""随着英国脱欧投票的临近，爱尔兰人说要追逐渣打、苏格兰皇家银行"""
962,1609,No,市场," ""随着英国脱欧投票的临近，爱尔兰人说要追逐渣打、苏格兰皇家银行"""
963,1609,No,股票," ""随着英国脱欧投票的临近，爱尔兰人说要追逐渣打、苏格兰皇家银行"""
964,1609,Yes,其他," ""随着英国脱欧投票的临近，爱尔兰人说要追逐渣打、苏格兰皇家银行"""
965,1611,No,公司,英国皇家邮政股价在经纪人的积极评论下回升
966,1611,No,经济,英国皇家邮政股价在经纪人的积极评论下回升
967,1611,No,市场,英国皇家邮政股价在经纪人的积极评论下回升
968,1611,Yes,股票,英国皇家邮政股价在经纪人的积极评论下回升
969,1611,No,其他,英国皇家邮政股价在经纪人的积极评论下回升
970,1619,No,公司,洲际酒店第一季度全球客房收入不及预期
971,1619,No,经济,洲际酒店第一季度全球客房收入不及预期
972,1619,No,市场,洲际酒店第一季度全球客房收入不及预期
973,1619,No,股票,洲际酒店第一季度全球客房收入不及预期
974,1619,Yes,其他,洲际酒店第一季度全球客房收入不及预期
975,1629,Yes,公司,阿斯本将以 5.2 亿美元从阿斯利康购买麻醉剂
976,1629,No,经济,阿斯本将以 5.2 亿美元从阿斯利康购买麻醉剂
977,1629,No,市场,阿斯本将以 5.2 亿美元从阿斯利康购买麻醉剂
978,1629,No,股票,阿斯本将以 5.2 亿美元从阿斯利康购买麻醉剂
979,1629,No,其他,阿斯本将以 5.2 亿美元从阿斯利康购买麻醉剂
980,1634,Yes,公司,伦敦证券交易所与德意志银行的合并受到英国脱欧的威胁
981,1634,No,经济,伦敦证券交易所与德意志银行的合并受到英国脱欧的威胁
982,1634,No,市场,伦敦证券交易所与德意志银行的合并受到英国脱欧的威胁
983,1634,No,股票,伦敦证券交易所与德意志银行的合并受到英国脱欧的威胁
984,1634,No,其他,伦敦证券交易所与德意志银行的合并受到英国脱欧的威胁
985,1635,No,公司,塞恩斯伯里首席财务官罗杰斯将取代家居零售业首席执行官沃顿
986,1635,No,经济,塞恩斯伯里首席财务官罗杰斯将取代家居零售业首席执行官沃顿
987,1635,No,市场,塞恩斯伯里首席财务官罗杰斯将取代家居零售业首席执行官沃顿
988,1635,No,股票,塞恩斯伯里首席财务官罗杰斯将取代家居零售业首席执行官沃顿
989,1635,Yes,其他,塞恩斯伯里首席财务官罗杰斯将取代家居零售业首席执行官沃顿
990,1636,No,公司,英国石油公司在挪威与挪威石油公司联手合作
991,1636,No,经济,英国石油公司在挪威与挪威石油公司联手合作
992,1636,No,市场,英国石油公司在挪威与挪威石油公司联手合作
993,1636,No,股票,英国石油公司在挪威与挪威石油公司联手合作
994,1636,Yes,其他,英国石油公司在挪威与挪威石油公司联手合作
995,1639,No,公司,BRIEF-Legal & General 的退休业务上半年销售额达 40 亿英镑
996,1639,No,经济,BRIEF-Legal & General 的退休业务上半年销售额达 40 亿英镑
997,1639,No,市场,BRIEF-Legal & General 的退休业务上半年销售额达 40 亿英镑
998,1639,No,股票,BRIEF-Legal & General 的退休业务上半年销售额达 40 亿英镑
999,1639,Yes,其他,BRIEF-Legal & General 的退休业务上半年销售额达 40 亿英镑
1000,1640,No,公司,庄信万丰加大清洁空气的宣传力度
1001,1640,No,经济,庄信万丰加大清洁空气的宣传力度
1002,1640,No,市场,庄信万丰加大清洁空气的宣传力度
1003,1640,No,股票,庄信万丰加大清洁空气的宣传力度
1004,1640,Yes,其他,庄信万丰加大清洁空气的宣传力度
1005,1663,Yes,公司," ""高盛、巴克莱、汇丰淡化脱欧威胁"""
1006,1663,No,经济," ""高盛、巴克莱、汇丰淡化脱欧威胁"""
1007,1663,No,市场," ""高盛、巴克莱、汇丰淡化脱欧威胁"""
1008,1663,No,股票," ""高盛、巴克莱、汇丰淡化脱欧威胁"""
1009,1663,No,其他," ""高盛、巴克莱、汇丰淡化脱欧威胁"""
1010,1669,No,公司,在百威英博出售之前，朝日集团可能要抢购更多 SABMiller 公司的啤酒。
1011,1669,No,经济,在百威英博出售之前，朝日集团可能要抢购更多 SABMiller 公司的啤酒。
1012,1669,No,市场,在百威英博出售之前，朝日集团可能要抢购更多 SABMiller 公司的啤酒。
1013,1669,No,股票,在百威英博出售之前，朝日集团可能要抢购更多 SABMiller 公司的啤酒。
1014,1669,Yes,其他,在百威英博出售之前，朝日集团可能要抢购更多 SABMiller 公司的啤酒。
1015,1670,Yes,公司,LSE-Deutsche Börse的交易商忽视了英国脱欧风险是错误的
1016,1670,No,经济,LSE-Deutsche Börse的交易商忽视了英国脱欧风险是错误的
1017,1670,No,市场,LSE-Deutsche Börse的交易商忽视了英国脱欧风险是错误的
1018,1670,No,股票,LSE-Deutsche Börse的交易商忽视了英国脱欧风险是错误的
1019,1670,No,其他,LSE-Deutsche Börse的交易商忽视了英国脱欧风险是错误的
1020,1682,No,公司,乐购销售恢复，重点回归核心业务
1021,1682,No,经济,乐购销售恢复，重点回归核心业务
1022,1682,No,市场,乐购销售恢复，重点回归核心业务
1023,1682,No,股票,乐购销售恢复，重点回归核心业务
1024,1682,Yes,其他,乐购销售恢复，重点回归核心业务
1025,1692,No,公司,庄信万丰利润下降但股息增加
1026,1692,No,经济,庄信万丰利润下降但股息增加
1027,1692,No,市场,庄信万丰利润下降但股息增加
1028,1692,No,股票,庄信万丰利润下降但股息增加
1029,1692,No,其他,庄信万丰利润下降但股息增加
1030,1699,Yes,公司," ""ARM公司、Domino's Pizza公司和 ASOS公司是3只必须的成长股吗?"""
1031,1699,No,经济," ""ARM公司、Domino's Pizza公司和 ASOS公司是3只必须的成长股吗?"""
1032,1699,No,市场," ""ARM公司、Domino's Pizza公司和 ASOS公司是3只必须的成长股吗?"""
1033,1699,No,股票," ""ARM公司、Domino's Pizza公司和 ASOS公司是3只必须的成长股吗?"""
1034,1699,No,其他," ""ARM公司、Domino's Pizza公司和 ASOS公司是3只必须的成长股吗?"""
1035,1700,No,公司,巴克莱升级后 Priceline 股价跳涨至年内新高
1036,1700,No,经济,巴克莱升级后 Priceline 股价跳涨至年内新高
1037,1700,No,市场,巴克莱升级后 Priceline 股价跳涨至年内新高
1038,1700,No,股票,巴克莱升级后 Priceline 股价跳涨至年内新高
1039,1700,Yes,其他,巴克莱升级后 Priceline 股价跳涨至年内新高
1040,1708,No,公司," ""乐购将出售 Kipa 和长颈鹿业务--天空新闻"""
1041,1708,No,经济," ""乐购将出售 Kipa 和长颈鹿业务--天空新闻"""
1042,1708,No,市场," ""乐购将出售 Kipa 和长颈鹿业务--天空新闻"""
1043,1708,No,股票," ""乐购将出售 Kipa 和长颈鹿业务--天空新闻"""
1044,1708,Yes,其他," ""乐购将出售 Kipa 和长颈鹿业务--天空新闻"""
1045,1712,Yes,公司,可口可乐公司和可口可乐公司将从联合利华收购 AdeS 豆奶饮料业务
1046,1712,No,经济,可口可乐公司和可口可乐公司将从联合利华收购 AdeS 豆奶饮料业务
1047,1712,No,市场,可口可乐公司和可口可乐公司将从联合利华收购 AdeS 豆奶饮料业务
1048,1712,No,股票,可口可乐公司和可口可乐公司将从联合利华收购 AdeS 豆奶饮料业务
1049,1712,No,其他,可口可乐公司和可口可乐公司将从联合利华收购 AdeS 豆奶饮料业务
1050,1717,Yes,公司,汇丰银行称该部门将就和解问题计提 5.85 亿美元费用
1051,1717,No,经济,汇丰银行称该部门将就和解问题计提 5.85 亿美元费用
1052,1717,No,市场,汇丰银行称该部门将就和解问题计提 5.85 亿美元费用
1053,1717,No,股票,汇丰银行称该部门将就和解问题计提 5.85 亿美元费用
1054,1717,No,其他,汇丰银行称该部门将就和解问题计提 5.85 亿美元费用
1055,1718,Yes,公司,翰墨森和合资伙伴获得了爱尔兰邓德伦的所有权--快报
1056,1718,No,经济,翰墨森和合资伙伴获得了爱尔兰邓德伦的所有权--快报
1057,1718,No,市场,翰墨森和合资伙伴获得了爱尔兰邓德伦的所有权--快报
1058,1718,No,股票,翰墨森和合资伙伴获得了爱尔兰邓德伦的所有权--快报
1059,1718,No,其他,翰墨森和合资伙伴获得了爱尔兰邓德伦的所有权--快报
1060,1728,No,公司,英杰华承诺提高分红以提振低迷的股价
1061,1728,No,经济,英杰华承诺提高分红以提振低迷的股价
1062,1728,No,市场,英杰华承诺提高分红以提振低迷的股价
1063,1728,No,股票,英杰华承诺提高分红以提振低迷的股价
1064,1728,No,其他,英杰华承诺提高分红以提振低迷的股价
1065,1734,No,公司,公司 Fresnillo 银价突破 21 美元，股价大涨 8%。
1066,1734,No,经济,公司 Fresnillo 银价突破 21 美元，股价大涨 8%。
1067,1734,No,市场,公司 Fresnillo 银价突破 21 美元，股价大涨 8%。
1068,1734,Yes,股票,公司 Fresnillo 银价突破 21 美元，股价大涨 8%。
1069,1734,No,其他,公司 Fresnillo 银价突破 21 美元，股价大涨 8%。
1070,1735,Yes,公司," ""在今天的新闻之后，你应该购买英国联合食品公司、大波特兰地产公司和 Dunelm 集团公司吗?"""
1071,1735,No,经济," ""在今天的新闻之后，你应该购买英国联合食品公司、大波特兰地产公司和 Dunelm 集团公司吗?"""
1072,1735,No,市场," ""在今天的新闻之后，你应该购买英国联合食品公司、大波特兰地产公司和 Dunelm 集团公司吗?"""
1073,1735,No,股票," ""在今天的新闻之后，你应该购买英国联合食品公司、大波特兰地产公司和 Dunelm 集团公司吗?"""
1074,1735,No,其他," ""在今天的新闻之后，你应该购买英国联合食品公司、大波特兰地产公司和 Dunelm 集团公司吗?"""
1075,1737,No,公司,伯克希尔寻求将其在富国银行的持股比例提高到 10%以上
1076,1737,No,经济,伯克希尔寻求将其在富国银行的持股比例提高到 10%以上
1077,1737,No,市场,伯克希尔寻求将其在富国银行的持股比例提高到 10%以上
1078,1737,No,股票,伯克希尔寻求将其在富国银行的持股比例提高到 10%以上
1079,1737,Yes,其他,伯克希尔寻求将其在富国银行的持股比例提高到 10%以上
1080,1741,No,公司,Tesco 股价在经纪人负面说明后暴跌 
1081,1741,No,经济,Tesco 股价在经纪人负面说明后暴跌 
1082,1741,No,市场,Tesco 股价在经纪人负面说明后暴跌 
1083,1741,Yes,股票,Tesco 股价在经纪人负面说明后暴跌 
1084,1741,No,其他,Tesco 股价在经纪人负面说明后暴跌 
1085,1742,Yes,公司,伦敦证券交易所股东批准与德意志交易所合并
1086,1742,No,经济,伦敦证券交易所股东批准与德意志交易所合并
1087,1742,No,市场,伦敦证券交易所股东批准与德意志交易所合并
1088,1742,No,股票,伦敦证券交易所股东批准与德意志交易所合并
1089,1742,No,其他,伦敦证券交易所股东批准与德意志交易所合并
1090,1743,No,公司,最新消息 1-Berkshire申请将富国银行的股份提高到10%以上
1091,1743,No,经济,最新消息 1-Berkshire申请将富国银行的股份提高到10%以上
1092,1743,No,市场,最新消息 1-Berkshire申请将富国银行的股份提高到10%以上
1093,1743,No,股票,最新消息 1-Berkshire申请将富国银行的股份提高到10%以上
1094,1743,Yes,其他,最新消息 1-Berkshire申请将富国银行的股份提高到10%以上
1095,1748,No,公司,伯克希尔申请将富国银行股份提高到10%以上
1096,1748,No,经济,伯克希尔申请将富国银行股份提高到10%以上
1097,1748,No,市场,伯克希尔申请将富国银行股份提高到10%以上
1098,1748,No,股票,伯克希尔申请将富国银行股份提高到10%以上
1099,1748,Yes,其他,伯克希尔申请将富国银行股份提高到10%以上
1100,1750,Yes,公司," ""英杰华、M&G 因投资者恐慌而暂停房地产基金"""
1101,1750,No,经济," ""英杰华、M&G 因投资者恐慌而暂停房地产基金"""
1102,1750,No,市场," ""英杰华、M&G 因投资者恐慌而暂停房地产基金"""
1103,1750,No,股票," ""英杰华、M&G 因投资者恐慌而暂停房地产基金"""
1104,1750,No,其他," ""英杰华、M&G 因投资者恐慌而暂停房地产基金"""
1105,1754,No,公司," ""Persimmon 表示，英国住房市场在英国脱欧后趋于稳定"""
1106,1754,No,经济," ""Persimmon 表示，英国住房市场在英国脱欧后趋于稳定"""
1107,1754,Yes,市场," ""Persimmon 表示，英国住房市场在英国脱欧后趋于稳定"""
1108,1754,No,股票," ""Persimmon 表示，英国住房市场在英国脱欧后趋于稳定"""
1109,1754,No,其他," ""Persimmon 表示，英国住房市场在英国脱欧后趋于稳定"""
1110,1755,No,公司,BRIEF-Aviva 的目标是在 2017 年将股息支付率提高到50%。
1111,1755,No,经济,BRIEF-Aviva 的目标是在 2017 年将股息支付率提高到50%。
1112,1755,No,市场,BRIEF-Aviva 的目标是在 2017 年将股息支付率提高到50%。
1113,1755,No,股票,BRIEF-Aviva 的目标是在 2017 年将股息支付率提高到50%。
1114,1755,No,其他,BRIEF-Aviva 的目标是在 2017 年将股息支付率提高到50%。
1115,1764,No,公司,建筑商 Persimmon 欢呼房屋销售增长 6%。
1116,1764,No,经济,建筑商 Persimmon 欢呼房屋销售增长 6%。
1117,1764,No,市场,建筑商 Persimmon 欢呼房屋销售增长 6%。
1118,1764,No,股票,建筑商 Persimmon 欢呼房屋销售增长 6%。
1119,1764,Yes,其他,建筑商 Persimmon 欢呼房屋销售增长 6%。
1120,1779,No,公司,易捷航空 6 月吸引更多乘客 但仍落后于瑞安航空
1121,1779,No,经济,易捷航空 6 月吸引更多乘客 但仍落后于瑞安航空
1122,1779,No,市场,易捷航空 6 月吸引更多乘客 但仍落后于瑞安航空
1123,1779,No,股票,易捷航空 6 月吸引更多乘客 但仍落后于瑞安航空
1124,1779,Yes,其他,易捷航空 6 月吸引更多乘客 但仍落后于瑞安航空
