0,1,Yes,corporate,royal mail chairman donald brydon set to step down
1,1,No,stock,royal mail chairman donald brydon set to step down
2,1,No,market,royal mail chairman donald brydon set to step down
3,1,No,economy,royal mail chairman donald brydon set to step down
4,7,Yes,corporate,stakes high for astrazeneca heart drug facing tough competition
5,7,No,stock,stakes high for astrazeneca heart drug facing tough competition
6,7,No,market,stakes high for astrazeneca heart drug facing tough competition
7,7,No,economy,stakes high for astrazeneca heart drug facing tough competition
8,8,Yes,corporate,update 1-dairy crest loses a third of morrisons milk contract
9,8,No,stock,update 1-dairy crest loses a third of morrisons milk contract
10,8,No,market,update 1-dairy crest loses a third of morrisons milk contract
11,8,No,economy,update 1-dairy crest loses a third of morrisons milk contract
12,22,Yes,corporate,insight hires aviva's david hillier for multi-asset team
13,22,No,stock,insight hires aviva's david hillier for multi-asset team
14,22,No,market,insight hires aviva's david hillier for multi-asset team
15,22,No,economy,insight hires aviva's david hillier for multi-asset team
16,30,Yes,corporate,primark racks up a happy christmas after strong sales
17,30,No,stock,primark racks up a happy christmas after strong sales
18,30,No,market,primark racks up a happy christmas after strong sales
19,30,No,economy,primark racks up a happy christmas after strong sales
20,31,No,corporate,update 1-pearson expects to grow this year after solid end to 2014
21,31,Yes,stock,update 1-pearson expects to grow this year after solid end to 2014
22,31,No,market,update 1-pearson expects to grow this year after solid end to 2014
23,31,No,economy,update 1-pearson expects to grow this year after solid end to 2014
24,32,Yes,corporate,tesco sells blinkbox and broadband service to talktalk
25,32,No,stock,tesco sells blinkbox and broadband service to talktalk
26,32,No,market,tesco sells blinkbox and broadband service to talktalk
27,32,No,economy,tesco sells blinkbox and broadband service to talktalk
28,36,Yes,corporate,unilever profit rises despite sales slump in china
29,36,No,stock,unilever profit rises despite sales slump in china
30,36,No,market,unilever profit rises despite sales slump in china
31,36,No,economy,unilever profit rises despite sales slump in china
32,38,No,corporate,tesco leads leap in ftse 100; marks & spencer drops
33,38,Yes,stock,tesco leads leap in ftse 100; marks & spencer drops
34,38,No,market,tesco leads leap in ftse 100; marks & spencer drops
35,38,No,economy,tesco leads leap in ftse 100; marks & spencer drops
36,40,Yes,corporate,royal dutch shell profit rises; dividend up 4%
37,40,No,stock,royal dutch shell profit rises; dividend up 4%
38,40,No,market,royal dutch shell profit rises; dividend up 4%
39,40,No,economy,royal dutch shell profit rises; dividend up 4%
40,47,Yes,corporate,morning agenda: shire's deal for nps
41,47,No,stock,morning agenda: shire's deal for nps
42,47,No,market,morning agenda: shire's deal for nps
43,47,No,economy,morning agenda: shire's deal for nps
44,48,Yes,corporate,carnival corporation and china merchants group sign memo of understanding ...
45,48,No,stock,carnival corporation and china merchants group sign memo of understanding ...
46,48,No,market,carnival corporation and china merchants group sign memo of understanding ...
47,48,No,economy,carnival corporation and china merchants group sign memo of understanding ...
48,49,Yes,corporate,teva: fda approves generic version of astrazeneca heartburn drug
49,49,No,stock,teva: fda approves generic version of astrazeneca heartburn drug
50,49,No,market,teva: fda approves generic version of astrazeneca heartburn drug
51,49,No,economy,teva: fda approves generic version of astrazeneca heartburn drug
52,52,Yes,corporate,passengers rise at easyjet and aer lingus
53,52,No,stock,passengers rise at easyjet and aer lingus
54,52,No,market,passengers rise at easyjet and aer lingus
55,52,No,economy,passengers rise at easyjet and aer lingus
56,55,Yes,corporate,tesco abandons video-streaming ambitions in blinkbox sale
57,55,No,stock,tesco abandons video-streaming ambitions in blinkbox sale
58,55,No,market,tesco abandons video-streaming ambitions in blinkbox sale
59,55,No,economy,tesco abandons video-streaming ambitions in blinkbox sale
60,56,Yes,corporate,"fda approves nps drug, in move validating shire takeover deal"
61,56,No,stock,"fda approves nps drug, in move validating shire takeover deal"
62,56,No,market,"fda approves nps drug, in move validating shire takeover deal"
63,56,No,economy,"fda approves nps drug, in move validating shire takeover deal"
64,60,Yes,corporate,ocwen reaches settlement with california regulator
65,60,No,stock,ocwen reaches settlement with california regulator
66,60,No,market,ocwen reaches settlement with california regulator
67,60,No,economy,ocwen reaches settlement with california regulator
68,67,Yes,corporate,morrisons faces festive sales test
69,67,No,stock,morrisons faces festive sales test
70,67,No,market,morrisons faces festive sales test
71,67,No,economy,morrisons faces festive sales test
72,69,No,corporate,tesco share price dips as blinkbox books closes ending supermarket's digital ...
73,69,Yes,stock,tesco share price dips as blinkbox books closes ending supermarket's digital ...
74,69,No,market,tesco share price dips as blinkbox books closes ending supermarket's digital ...
75,69,No,economy,tesco share price dips as blinkbox books closes ending supermarket's digital ...
76,70,Yes,corporate,shire to buy nps for $5.2 billion to boost rare disease drugs
77,70,No,stock,shire to buy nps for $5.2 billion to boost rare disease drugs
78,70,No,market,shire to buy nps for $5.2 billion to boost rare disease drugs
79,70,No,economy,shire to buy nps for $5.2 billion to boost rare disease drugs
80,76,Yes,corporate,astrazeneca's medimmune inks licensing deal with omnis pharmaceuticals
81,76,No,stock,astrazeneca's medimmune inks licensing deal with omnis pharmaceuticals
82,76,No,market,astrazeneca's medimmune inks licensing deal with omnis pharmaceuticals
83,76,No,economy,astrazeneca's medimmune inks licensing deal with omnis pharmaceuticals
84,78,Yes,corporate,fda approves shire's vyvanse for binge-eating disorder
85,78,No,stock,fda approves shire's vyvanse for binge-eating disorder
86,78,No,market,fda approves shire's vyvanse for binge-eating disorder
87,78,No,economy,fda approves shire's vyvanse for binge-eating disorder
88,82,No,corporate,companies thetrainline.com announces arrival of london ipo
89,82,Yes,stock,companies thetrainline.com announces arrival of london ipo
90,82,No,market,companies thetrainline.com announces arrival of london ipo
91,82,No,economy,companies thetrainline.com announces arrival of london ipo
92,87,Yes,corporate,breakingviews: iag can pay more for aer lingus
93,87,No,stock,breakingviews: iag can pay more for aer lingus
94,87,No,market,breakingviews: iag can pay more for aer lingus
95,87,No,economy,breakingviews: iag can pay more for aer lingus
96,88,No,corporate,tesco share price jumps as q3 sales top estimates
97,88,Yes,stock,tesco share price jumps as q3 sales top estimates
98,88,No,market,tesco share price jumps as q3 sales top estimates
99,88,No,economy,tesco share price jumps as q3 sales top estimates
100,90,No,corporate,crh's concrete bid for holcim lafarge assets
101,90,Yes,stock,crh's concrete bid for holcim lafarge assets
102,90,No,market,crh's concrete bid for holcim lafarge assets
103,90,No,economy,crh's concrete bid for holcim lafarge assets
104,94,No,corporate,persimmon share price climbs on 23% rise in full-year revenue
105,94,Yes,stock,persimmon share price climbs on 23% rise in full-year revenue
106,94,No,market,persimmon share price climbs on 23% rise in full-year revenue
107,94,No,economy,persimmon share price climbs on 23% rise in full-year revenue
108,96,Yes,corporate,ruling sets lower limit on potential fine for bp
109,96,No,stock,ruling sets lower limit on potential fine for bp
110,96,No,market,ruling sets lower limit on potential fine for bp
111,96,No,economy,ruling sets lower limit on potential fine for bp
112,98,No,corporate,reed elsevier share price slides on underwhelming full-year results
113,98,Yes,stock,reed elsevier share price slides on underwhelming full-year results
114,98,No,market,reed elsevier share price slides on underwhelming full-year results
115,98,No,economy,reed elsevier share price slides on underwhelming full-year results
116,99,No,corporate,update 1-meggitt reiterates annual outlook after tough 2014
117,99,Yes,stock,update 1-meggitt reiterates annual outlook after tough 2014
118,99,No,market,update 1-meggitt reiterates annual outlook after tough 2014
119,99,No,economy,update 1-meggitt reiterates annual outlook after tough 2014
120,100,No,corporate,slump in weir leads ftse down from record high
121,100,No,stock,slump in weir leads ftse down from record high
122,100,Yes,market,slump in weir leads ftse down from record high
123,100,No,economy,slump in weir leads ftse down from record high
124,105,Yes,corporate,bunzl lifts dividend again as acquisitions continue to boost profits
125,105,No,stock,bunzl lifts dividend again as acquisitions continue to boost profits
126,105,No,market,bunzl lifts dividend again as acquisitions continue to boost profits
127,105,No,economy,bunzl lifts dividend again as acquisitions continue to boost profits
128,107,Yes,corporate,refile-update 4-britain's lloyds to pay first dividend since rescue
129,107,No,stock,refile-update 4-britain's lloyds to pay first dividend since rescue
130,107,No,market,refile-update 4-britain's lloyds to pay first dividend since rescue
131,107,No,economy,refile-update 4-britain's lloyds to pay first dividend since rescue
132,115,Yes,corporate,glaxosmithkline set to complete $20 billion novartis asset swap next week
133,115,No,stock,glaxosmithkline set to complete $20 billion novartis asset swap next week
134,115,No,market,glaxosmithkline set to complete $20 billion novartis asset swap next week
135,115,No,economy,glaxosmithkline set to complete $20 billion novartis asset swap next week
136,116,No,corporate,meggitt share price tumbles as profit falls in 'challenging year'
137,116,Yes,stock,meggitt share price tumbles as profit falls in 'challenging year'
138,116,No,market,meggitt share price tumbles as profit falls in 'challenging year'
139,116,No,economy,meggitt share price tumbles as profit falls in 'challenging year'
140,123,No,corporate,analyst views: astrazeneca shares have seen recent volatility; what will 2015 ...
141,123,No,stock,analyst views: astrazeneca shares have seen recent volatility; what will 2015 ...
142,123,Yes,market,analyst views: astrazeneca shares have seen recent volatility; what will 2015 ...
143,123,No,economy,analyst views: astrazeneca shares have seen recent volatility; what will 2015 ...
144,127,No,corporate,arm royalties accelerate as smartphone market regains strength
145,127,No,stock,arm royalties accelerate as smartphone market regains strength
146,127,Yes,market,arm royalties accelerate as smartphone market regains strength
147,127,No,economy,arm royalties accelerate as smartphone market regains strength
148,128,Yes,corporate,conagra names former hillshire farms ceo connolly to top post
149,128,No,stock,conagra names former hillshire farms ceo connolly to top post
150,128,No,market,conagra names former hillshire farms ceo connolly to top post
151,128,No,economy,conagra names former hillshire farms ceo connolly to top post
152,129,Yes,corporate,bg group appoints new ceo one month early
153,129,No,stock,bg group appoints new ceo one month early
154,129,No,market,bg group appoints new ceo one month early
155,129,No,economy,bg group appoints new ceo one month early
156,132,Yes,corporate,"glencore cuts 2015 budget, plans to divest from lonmin"
157,132,No,stock,"glencore cuts 2015 budget, plans to divest from lonmin"
158,132,No,market,"glencore cuts 2015 budget, plans to divest from lonmin"
159,132,No,economy,"glencore cuts 2015 budget, plans to divest from lonmin"
160,135,No,corporate,u.s. debt lures schroders as ecb depresses rates
161,135,No,stock,u.s. debt lures schroders as ecb depresses rates
162,135,No,market,u.s. debt lures schroders as ecb depresses rates
163,135,Yes,economy,u.s. debt lures schroders as ecb depresses rates
164,138,Yes,corporate,tullow oil suspends dividend amid oil price fall
165,138,No,stock,tullow oil suspends dividend amid oil price fall
166,138,No,market,tullow oil suspends dividend amid oil price fall
167,138,No,economy,tullow oil suspends dividend amid oil price fall
168,142,Yes,corporate,"oil majors like royal dutch shell, chevron, bp fail to find reserves to counter ..."
169,142,No,stock,"oil majors like royal dutch shell, chevron, bp fail to find reserves to counter ..."
170,142,No,market,"oil majors like royal dutch shell, chevron, bp fail to find reserves to counter ..."
171,142,No,economy,"oil majors like royal dutch shell, chevron, bp fail to find reserves to counter ..."
172,153,Yes,corporate,standard chartered lags on capital worries
173,153,No,stock,standard chartered lags on capital worries
174,153,No,market,standard chartered lags on capital worries
175,153,No,economy,standard chartered lags on capital worries
176,156,Yes,corporate,standard life share price: insurer buys advice firm pearson jones
177,156,No,stock,standard life share price: insurer buys advice firm pearson jones
178,156,No,market,standard life share price: insurer buys advice firm pearson jones
179,156,No,economy,standard life share price: insurer buys advice firm pearson jones
180,158,Yes,corporate,tesco closes in on new chairman with dixons carphone's john allan in the frame
181,158,No,stock,tesco closes in on new chairman with dixons carphone's john allan in the frame
182,158,No,market,tesco closes in on new chairman with dixons carphone's john allan in the frame
183,158,No,economy,tesco closes in on new chairman with dixons carphone's john allan in the frame
184,159,No,corporate,millercoors delivers 2.9% underlying net income growth for 2014
185,159,Yes,stock,millercoors delivers 2.9% underlying net income growth for 2014
186,159,No,market,millercoors delivers 2.9% underlying net income growth for 2014
187,159,No,economy,millercoors delivers 2.9% underlying net income growth for 2014
188,165,Yes,corporate,rbs will reportedly appoint howard davies as its next chairman
189,165,No,stock,rbs will reportedly appoint howard davies as its next chairman
190,165,No,market,rbs will reportedly appoint howard davies as its next chairman
191,165,No,economy,rbs will reportedly appoint howard davies as its next chairman
192,168,Yes,corporate,hsbc hit by fresh details of tax evasion claims
193,168,No,stock,hsbc hit by fresh details of tax evasion claims
194,168,No,market,hsbc hit by fresh details of tax evasion claims
195,168,No,economy,hsbc hit by fresh details of tax evasion claims
196,171,Yes,corporate,relief for lewis as tesco sees sales grow for first time in a year
197,171,No,stock,relief for lewis as tesco sees sales grow for first time in a year
198,171,No,market,relief for lewis as tesco sees sales grow for first time in a year
199,171,No,economy,relief for lewis as tesco sees sales grow for first time in a year
200,176,Yes,corporate,morrisons finance chief to fill gap as ceo leaves early
201,176,No,stock,morrisons finance chief to fill gap as ceo leaves early
202,176,No,market,morrisons finance chief to fill gap as ceo leaves early
203,176,No,economy,morrisons finance chief to fill gap as ceo leaves early
204,178,No,corporate,"update: persimmon profit up strongly, outlook positive"
205,178,Yes,stock,"update: persimmon profit up strongly, outlook positive"
206,178,No,market,"update: persimmon profit up strongly, outlook positive"
207,178,No,economy,"update: persimmon profit up strongly, outlook positive"
208,182,Yes,corporate,trlpc - crh backs lafarge holcim asset buy with 6.5 bln euro bridge loan
209,182,No,stock,trlpc - crh backs lafarge holcim asset buy with 6.5 bln euro bridge loan
210,182,No,market,trlpc - crh backs lafarge holcim asset buy with 6.5 bln euro bridge loan
211,182,No,economy,trlpc - crh backs lafarge holcim asset buy with 6.5 bln euro bridge loan
212,183,Yes,corporate,tesco shareholders back itv head for chairman
213,183,No,stock,tesco shareholders back itv head for chairman
214,183,No,market,tesco shareholders back itv head for chairman
215,183,No,economy,tesco shareholders back itv head for chairman
216,184,No,corporate,"buffett's berkshire builds deere stake, dumps exxon"
217,184,Yes,stock,"buffett's berkshire builds deere stake, dumps exxon"
218,184,No,market,"buffett's berkshire builds deere stake, dumps exxon"
219,184,No,economy,"buffett's berkshire builds deere stake, dumps exxon"
220,185,Yes,corporate,aviva fined $27 million by u.k. regulator over fee failings
221,185,No,stock,aviva fined $27 million by u.k. regulator over fee failings
222,185,No,market,aviva fined $27 million by u.k. regulator over fee failings
223,185,No,economy,aviva fined $27 million by u.k. regulator over fee failings
224,186,Yes,corporate,astrazeneca's patent on asthma drug invalidated by us court
225,186,No,stock,astrazeneca's patent on asthma drug invalidated by us court
226,186,No,market,astrazeneca's patent on asthma drug invalidated by us court
227,186,No,economy,astrazeneca's patent on asthma drug invalidated by us court
228,187,Yes,corporate,rolls-royce to ensure compliance after petrobras bribery report
229,187,No,stock,rolls-royce to ensure compliance after petrobras bribery report
230,187,No,market,rolls-royce to ensure compliance after petrobras bribery report
231,187,No,economy,rolls-royce to ensure compliance after petrobras bribery report
232,188,No,corporate,whitbread share price climbs on q4 sales growth
233,188,Yes,stock,whitbread share price climbs on q4 sales growth
234,188,No,market,whitbread share price climbs on q4 sales growth
235,188,No,economy,whitbread share price climbs on q4 sales growth
236,190,Yes,corporate,warren buffett defends berkshire hathaway's conglomerate structure
237,190,No,stock,warren buffett defends berkshire hathaway's conglomerate structure
238,190,No,market,warren buffett defends berkshire hathaway's conglomerate structure
239,190,No,economy,warren buffett defends berkshire hathaway's conglomerate structure
240,199,Yes,corporate,g4s sees profits rise but uk contract problems remain
241,199,No,stock,g4s sees profits rise but uk contract problems remain
242,199,No,market,g4s sees profits rise but uk contract problems remain
243,199,No,economy,g4s sees profits rise but uk contract problems remain
244,206,Yes,corporate,friends life lifts profits 38% and hikes divi ahead of proposed aviva takeover
245,206,No,stock,friends life lifts profits 38% and hikes divi ahead of proposed aviva takeover
246,206,No,market,friends life lifts profits 38% and hikes divi ahead of proposed aviva takeover
247,206,No,economy,friends life lifts profits 38% and hikes divi ahead of proposed aviva takeover
248,212,No,corporate,auto trader share price surges as company floats on lse
249,212,Yes,stock,auto trader share price surges as company floats on lse
250,212,No,market,auto trader share price surges as company floats on lse
251,212,No,economy,auto trader share price surges as company floats on lse
252,214,Yes,corporate,new credit suisse boss faces stiff challenge in asia
253,214,No,stock,new credit suisse boss faces stiff challenge in asia
254,214,No,market,new credit suisse boss faces stiff challenge in asia
255,214,No,economy,new credit suisse boss faces stiff challenge in asia
256,218,Yes,corporate,"update: easyjet passenger numbers, aer lingus traffic up in february"
257,218,No,stock,"update: easyjet passenger numbers, aer lingus traffic up in february"
258,218,No,market,"update: easyjet passenger numbers, aer lingus traffic up in february"
259,218,No,economy,"update: easyjet passenger numbers, aer lingus traffic up in february"
260,219,Yes,corporate,is it worth investing in tesco plc and prudential plc now?
261,219,No,stock,is it worth investing in tesco plc and prudential plc now?
262,219,No,market,is it worth investing in tesco plc and prudential plc now?
263,219,No,economy,is it worth investing in tesco plc and prudential plc now?
264,225,No,corporate,uk winners & losers: aviva and friends life lead ftse 100 gainers
265,225,No,stock,uk winners & losers: aviva and friends life lead ftse 100 gainers
266,225,Yes,market,uk winners & losers: aviva and friends life lead ftse 100 gainers
267,225,No,economy,uk winners & losers: aviva and friends life lead ftse 100 gainers
268,234,No,corporate,sainsbury's says to outperform rivals in tough market
269,234,No,stock,sainsbury's says to outperform rivals in tough market
270,234,Yes,market,sainsbury's says to outperform rivals in tough market
271,234,No,economy,sainsbury's says to outperform rivals in tough market
272,239,Yes,corporate,companieskingfisher bid for mr bricolage runs into trouble
273,239,No,stock,companieskingfisher bid for mr bricolage runs into trouble
274,239,No,market,companieskingfisher bid for mr bricolage runs into trouble
275,239,No,economy,companieskingfisher bid for mr bricolage runs into trouble
276,240,No,corporate,update 3-auto trader shares leap in uk's biggest private equity-backed listing
277,240,Yes,stock,update 3-auto trader shares leap in uk's biggest private equity-backed listing
278,240,No,market,update 3-auto trader shares leap in uk's biggest private equity-backed listing
279,240,No,economy,update 3-auto trader shares leap in uk's biggest private equity-backed listing
280,241,No,corporate,"london open: taylor wimpey and ashtead drive markets higher, barclays falls"
281,241,No,stock,"london open: taylor wimpey and ashtead drive markets higher, barclays falls"
282,241,Yes,market,"london open: taylor wimpey and ashtead drive markets higher, barclays falls"
283,241,No,economy,"london open: taylor wimpey and ashtead drive markets higher, barclays falls"
284,242,Yes,corporate,gsk and novartis complete deals to reshape both drugmakers
285,242,No,stock,gsk and novartis complete deals to reshape both drugmakers
286,242,No,market,gsk and novartis complete deals to reshape both drugmakers
287,242,No,economy,gsk and novartis complete deals to reshape both drugmakers
288,244,Yes,corporate,"aviva, friends life top forecasts ahead of 5.6 billion pound merger"
289,244,No,stock,"aviva, friends life top forecasts ahead of 5.6 billion pound merger"
290,244,No,market,"aviva, friends life top forecasts ahead of 5.6 billion pound merger"
291,244,No,economy,"aviva, friends life top forecasts ahead of 5.6 billion pound merger"
292,246,Yes,corporate,citigroup to sell onemain to springleaf for $4.25 billion
293,246,No,stock,citigroup to sell onemain to springleaf for $4.25 billion
294,246,No,market,citigroup to sell onemain to springleaf for $4.25 billion
295,246,No,economy,citigroup to sell onemain to springleaf for $4.25 billion
296,247,No,corporate,"u.k. stocks resume gains to rally to record; crh, tullow climb"
297,247,Yes,stock,"u.k. stocks resume gains to rally to record; crh, tullow climb"
298,247,No,market,"u.k. stocks resume gains to rally to record; crh, tullow climb"
299,247,No,economy,"u.k. stocks resume gains to rally to record; crh, tullow climb"
300,248,No,corporate,british american tobacco drops and sues pwc over pollution scandal
301,248,Yes,stock,british american tobacco drops and sues pwc over pollution scandal
302,248,No,market,british american tobacco drops and sues pwc over pollution scandal
303,248,No,economy,british american tobacco drops and sues pwc over pollution scandal
304,252,No,corporate,uk's ftse has worst day so far in 2015 as bg and prudential fall
305,252,No,stock,uk's ftse has worst day so far in 2015 as bg and prudential fall
306,252,Yes,market,uk's ftse has worst day so far in 2015 as bg and prudential fall
307,252,No,economy,uk's ftse has worst day so far in 2015 as bg and prudential fall
308,253,Yes,corporate,"kraft, cadbury's and britvic in total recall: how pulling a product affects profit"
309,253,No,stock,"kraft, cadbury's and britvic in total recall: how pulling a product affects profit"
310,253,No,market,"kraft, cadbury's and britvic in total recall: how pulling a product affects profit"
311,253,No,economy,"kraft, cadbury's and britvic in total recall: how pulling a product affects profit"
312,257,Yes,corporate,how kraft-heinz merger came together in speedy 10 weeks
313,257,No,stock,how kraft-heinz merger came together in speedy 10 weeks
314,257,No,market,how kraft-heinz merger came together in speedy 10 weeks
315,257,No,economy,how kraft-heinz merger came together in speedy 10 weeks
316,258,Yes,corporate,astrazeneca teams with daiichi sankyo to sell movantik in us
317,258,No,stock,astrazeneca teams with daiichi sankyo to sell movantik in us
318,258,No,market,astrazeneca teams with daiichi sankyo to sell movantik in us
319,258,No,economy,astrazeneca teams with daiichi sankyo to sell movantik in us
320,263,No,corporate,rbi surprises street; sensex pares gains after hitting mount 30k
321,263,Yes,stock,rbi surprises street; sensex pares gains after hitting mount 30k
322,263,No,market,rbi surprises street; sensex pares gains after hitting mount 30k
323,263,No,economy,rbi surprises street; sensex pares gains after hitting mount 30k
324,264,Yes,corporate,credit suisse poaches prudential's thiam for asian push
325,264,No,stock,credit suisse poaches prudential's thiam for asian push
326,264,No,market,credit suisse poaches prudential's thiam for asian push
327,264,No,economy,credit suisse poaches prudential's thiam for asian push
328,266,Yes,corporate,kingfisher takeover of mr bricolage could hit a brick wall
329,266,No,stock,kingfisher takeover of mr bricolage could hit a brick wall
330,266,No,market,kingfisher takeover of mr bricolage could hit a brick wall
331,266,No,economy,kingfisher takeover of mr bricolage could hit a brick wall
332,270,No,corporate,"u.k. stocks little changed near record as barclays, shell fall"
333,270,Yes,stock,"u.k. stocks little changed near record as barclays, shell fall"
334,270,No,market,"u.k. stocks little changed near record as barclays, shell fall"
335,270,No,economy,"u.k. stocks little changed near record as barclays, shell fall"
336,274,No,corporate,insurers: admiral blows hot and cold but aviva soars pre-friends life merger
337,274,Yes,stock,insurers: admiral blows hot and cold but aviva soars pre-friends life merger
338,274,No,market,insurers: admiral blows hot and cold but aviva soars pre-friends life merger
339,274,No,economy,insurers: admiral blows hot and cold but aviva soars pre-friends life merger
340,275,Yes,corporate,astrazeneca and daiichi sankyo to jointly commercialise movantik in the us
341,275,No,stock,astrazeneca and daiichi sankyo to jointly commercialise movantik in the us
342,275,No,market,astrazeneca and daiichi sankyo to jointly commercialise movantik in the us
343,275,No,economy,astrazeneca and daiichi sankyo to jointly commercialise movantik in the us
344,279,No,corporate,legal & general arm buys 50 pct stake in mediacityuk in manchester
345,279,Yes,stock,legal & general arm buys 50 pct stake in mediacityuk in manchester
346,279,No,market,legal & general arm buys 50 pct stake in mediacityuk in manchester
347,279,No,economy,legal & general arm buys 50 pct stake in mediacityuk in manchester
348,281,Yes,corporate,randgold profit hit by poor gold price but dividend still increases
349,281,No,stock,randgold profit hit by poor gold price but dividend still increases
350,281,No,market,randgold profit hit by poor gold price but dividend still increases
351,281,No,economy,randgold profit hit by poor gold price but dividend still increases
352,290,Yes,corporate,"companiestravis perkins lifts dividend, earnings rise 15%"
353,290,No,stock,"companiestravis perkins lifts dividend, earnings rise 15%"
354,290,No,market,"companiestravis perkins lifts dividend, earnings rise 15%"
355,290,No,economy,"companiestravis perkins lifts dividend, earnings rise 15%"
356,293,No,corporate,market report: aviva tops the market as traders approve of its choice of friends
357,293,No,stock,market report: aviva tops the market as traders approve of its choice of friends
358,293,Yes,market,market report: aviva tops the market as traders approve of its choice of friends
359,293,No,economy,market report: aviva tops the market as traders approve of its choice of friends
360,296,Yes,corporate,insurer old mutual picks standard bank's hemphill as new ceo
361,296,No,stock,insurer old mutual picks standard bank's hemphill as new ceo
362,296,No,market,insurer old mutual picks standard bank's hemphill as new ceo
363,296,No,economy,insurer old mutual picks standard bank's hemphill as new ceo
364,302,Yes,corporate,"fda panel backs safety updates for astrazeneca, takeda drugs"
365,302,No,stock,"fda panel backs safety updates for astrazeneca, takeda drugs"
366,302,No,market,"fda panel backs safety updates for astrazeneca, takeda drugs"
367,302,No,economy,"fda panel backs safety updates for astrazeneca, takeda drugs"
368,304,Yes,corporate,companiesdiageo stays neutral on india boardroom turmoil
369,304,No,stock,companiesdiageo stays neutral on india boardroom turmoil
370,304,No,market,companiesdiageo stays neutral on india boardroom turmoil
371,304,No,economy,companiesdiageo stays neutral on india boardroom turmoil
372,315,Yes,corporate,germanwings disaster will not affect image of budget air travel - easyjet
373,315,No,stock,germanwings disaster will not affect image of budget air travel - easyjet
374,315,No,market,germanwings disaster will not affect image of budget air travel - easyjet
375,315,No,economy,germanwings disaster will not affect image of budget air travel - easyjet
376,318,Yes,corporate,shell's $70 billion bg deal meets shareholder skepticism
377,318,No,stock,shell's $70 billion bg deal meets shareholder skepticism
378,318,No,market,shell's $70 billion bg deal meets shareholder skepticism
379,318,No,economy,shell's $70 billion bg deal meets shareholder skepticism
380,321,Yes,corporate,shell offers 50 percent premium to buy bg for $70 billion
381,321,No,stock,shell offers 50 percent premium to buy bg for $70 billion
382,321,No,market,shell offers 50 percent premium to buy bg for $70 billion
383,321,No,economy,shell offers 50 percent premium to buy bg for $70 billion
384,324,Yes,corporate,wpp boosts sales despite cautious clients
385,324,No,stock,wpp boosts sales despite cautious clients
386,324,No,market,wpp boosts sales despite cautious clients
387,324,No,economy,wpp boosts sales despite cautious clients
388,335,Yes,corporate,shell to buy bg group in $69.7 billion takeover
389,335,No,stock,shell to buy bg group in $69.7 billion takeover
390,335,No,market,shell to buy bg group in $69.7 billion takeover
391,335,No,economy,shell to buy bg group in $69.7 billion takeover
392,336,No,corporate,london morning briefing: hsbc and standard chartered shares rise
393,336,Yes,stock,london morning briefing: hsbc and standard chartered shares rise
394,336,No,market,london morning briefing: hsbc and standard chartered shares rise
395,336,No,economy,london morning briefing: hsbc and standard chartered shares rise
396,342,Yes,corporate,update 1-bp shareholders back more disclosure on climate change risks
397,342,No,stock,update 1-bp shareholders back more disclosure on climate change risks
398,342,No,market,update 1-bp shareholders back more disclosure on climate change risks
399,342,No,economy,update 1-bp shareholders back more disclosure on climate change risks
400,345,Yes,corporate,shell challenges exxon dominance with 47 billion-pound bid for bg
401,345,No,stock,shell challenges exxon dominance with 47 billion-pound bid for bg
402,345,No,market,shell challenges exxon dominance with 47 billion-pound bid for bg
403,345,No,economy,shell challenges exxon dominance with 47 billion-pound bid for bg
404,347,Yes,corporate,royal dutch shell to buy bg group for nearly $70 billion
405,347,No,stock,royal dutch shell to buy bg group for nearly $70 billion
406,347,No,market,royal dutch shell to buy bg group for nearly $70 billion
407,347,No,economy,royal dutch shell to buy bg group for nearly $70 billion
408,349,Yes,corporate,city spirits sink after diageo comes up short with sales slide
409,349,No,stock,city spirits sink after diageo comes up short with sales slide
410,349,No,market,city spirits sink after diageo comes up short with sales slide
411,349,No,economy,city spirits sink after diageo comes up short with sales slide
412,358,Yes,corporate,diageo receives reports from united spirits on financial irregularities involving ...
413,358,No,stock,diageo receives reports from united spirits on financial irregularities involving ...
414,358,No,market,diageo receives reports from united spirits on financial irregularities involving ...
415,358,No,economy,diageo receives reports from united spirits on financial irregularities involving ...
416,361,Yes,corporate,rolls-royce wins $9.2 billion order from emirates airline
417,361,No,stock,rolls-royce wins $9.2 billion order from emirates airline
418,361,No,market,rolls-royce wins $9.2 billion order from emirates airline
419,361,No,economy,rolls-royce wins $9.2 billion order from emirates airline
420,372,Yes,corporate,tesco sales rise shows tentative recovery continues
421,372,No,stock,tesco sales rise shows tentative recovery continues
422,372,No,market,tesco sales rise shows tentative recovery continues
423,372,No,economy,tesco sales rise shows tentative recovery continues
424,374,Yes,corporate,diageo sales disappoint as currency and comparatives leave bitter taste
425,374,No,stock,diageo sales disappoint as currency and comparatives leave bitter taste
426,374,No,market,diageo sales disappoint as currency and comparatives leave bitter taste
427,374,No,economy,diageo sales disappoint as currency and comparatives leave bitter taste
428,381,Yes,corporate,astrazeneca profit down as sales of stalwarts fade
429,381,No,stock,astrazeneca profit down as sales of stalwarts fade
430,381,No,market,astrazeneca profit down as sales of stalwarts fade
431,381,No,economy,astrazeneca profit down as sales of stalwarts fade
432,382,Yes,corporate,"whitbread profit up as sales continue to rise, looking for new ceo"
433,382,No,stock,"whitbread profit up as sales continue to rise, looking for new ceo"
434,382,No,market,"whitbread profit up as sales continue to rise, looking for new ceo"
435,382,No,economy,"whitbread profit up as sales continue to rise, looking for new ceo"
436,391,Yes,corporate,glencore blames rivals for creating metals glut
437,391,No,stock,glencore blames rivals for creating metals glut
438,391,No,market,glencore blames rivals for creating metals glut
439,391,No,economy,glencore blames rivals for creating metals glut
440,394,Yes,corporate,doubts grow over glaxosmithkline's $6 bln capital return plan
441,394,No,stock,doubts grow over glaxosmithkline's $6 bln capital return plan
442,394,No,market,doubts grow over glaxosmithkline's $6 bln capital return plan
443,394,No,economy,doubts grow over glaxosmithkline's $6 bln capital return plan
444,395,No,corporate,easyjet leads britain's ftse lower as global bond rout resumes
445,395,No,stock,easyjet leads britain's ftse lower as global bond rout resumes
446,395,Yes,market,easyjet leads britain's ftse lower as global bond rout resumes
447,395,No,economy,easyjet leads britain's ftse lower as global bond rout resumes
448,398,Yes,corporate,imperial tobacco adds quarterly dividends after profit rose
449,398,No,stock,imperial tobacco adds quarterly dividends after profit rose
450,398,No,market,imperial tobacco adds quarterly dividends after profit rose
451,398,No,economy,imperial tobacco adds quarterly dividends after profit rose
452,401,Yes,corporate,bg group still happy with shell's $70 billion offer
453,401,No,stock,bg group still happy with shell's $70 billion offer
454,401,No,market,bg group still happy with shell's $70 billion offer
455,401,No,economy,bg group still happy with shell's $70 billion offer
456,402,Yes,corporate,sabmiller buys meantime to quench thirst for craft beer
457,402,No,stock,sabmiller buys meantime to quench thirst for craft beer
458,402,No,market,sabmiller buys meantime to quench thirst for craft beer
459,402,No,economy,sabmiller buys meantime to quench thirst for craft beer
460,405,Yes,corporate,aviva shuts friends life head office in rapid integration move
461,405,No,stock,aviva shuts friends life head office in rapid integration move
462,405,No,market,aviva shuts friends life head office in rapid integration move
463,405,No,economy,aviva shuts friends life head office in rapid integration move
464,409,No,corporate,retailers kingfisher and sports direct rise in britain's share index
465,409,Yes,stock,retailers kingfisher and sports direct rise in britain's share index
466,409,No,market,retailers kingfisher and sports direct rise in britain's share index
467,409,No,economy,retailers kingfisher and sports direct rise in britain's share index
468,412,No,corporate,"glaxosmithkline targets growth across units, scraps viiv ipo"
469,412,Yes,stock,"glaxosmithkline targets growth across units, scraps viiv ipo"
470,412,No,market,"glaxosmithkline targets growth across units, scraps viiv ipo"
471,412,No,economy,"glaxosmithkline targets growth across units, scraps viiv ipo"
472,413,No,corporate,tesco share price closes higher as two more directors leave grocer
473,413,Yes,stock,tesco share price closes higher as two more directors leave grocer
474,413,No,market,tesco share price closes higher as two more directors leave grocer
475,413,No,economy,tesco share price closes higher as two more directors leave grocer
476,415,Yes,corporate,tesco leads ftse higher on clubcard bid reports
477,415,No,stock,tesco leads ftse higher on clubcard bid reports
478,415,No,market,tesco leads ftse higher on clubcard bid reports
479,415,No,economy,tesco leads ftse higher on clubcard bid reports
480,417,No,corporate,eli lilly & co. (lly) has broken out to a new high on astrazeneca collaboration
481,417,Yes,stock,eli lilly & co. (lly) has broken out to a new high on astrazeneca collaboration
482,417,No,market,eli lilly & co. (lly) has broken out to a new high on astrazeneca collaboration
483,417,No,economy,eli lilly & co. (lly) has broken out to a new high on astrazeneca collaboration
484,422,Yes,corporate,"rpt-old mutual q1 gross sales beat forecasts, up 18 pct"
485,422,No,stock,"rpt-old mutual q1 gross sales beat forecasts, up 18 pct"
486,422,No,market,"rpt-old mutual q1 gross sales beat forecasts, up 18 pct"
487,422,No,economy,"rpt-old mutual q1 gross sales beat forecasts, up 18 pct"
488,427,Yes,corporate,"update 3-bp settles oil spill-related claims with halliburton, transocean"
489,427,No,stock,"update 3-bp settles oil spill-related claims with halliburton, transocean"
490,427,No,market,"update 3-bp settles oil spill-related claims with halliburton, transocean"
491,427,No,economy,"update 3-bp settles oil spill-related claims with halliburton, transocean"
492,429,No,corporate,glaxosmithkline share price slips as fda okays asthma therapy only for adults
493,429,Yes,stock,glaxosmithkline share price slips as fda okays asthma therapy only for adults
494,429,No,market,glaxosmithkline share price slips as fda okays asthma therapy only for adults
495,429,No,economy,glaxosmithkline share price slips as fda okays asthma therapy only for adults
496,430,No,corporate,glencore chief blames rivals' overproduction for share price fall
497,430,Yes,stock,glencore chief blames rivals' overproduction for share price fall
498,430,No,market,glencore chief blames rivals' overproduction for share price fall
499,430,No,economy,glencore chief blames rivals' overproduction for share price fall
500,435,Yes,corporate,"philip morris, bat sue over law taking branding off packs"
501,435,No,stock,"philip morris, bat sue over law taking branding off packs"
502,435,No,market,"philip morris, bat sue over law taking branding off packs"
503,435,No,economy,"philip morris, bat sue over law taking branding off packs"
504,440,No,corporate,hargreaves lansdown share price falls as costs mount - although pensions ...
505,440,Yes,stock,hargreaves lansdown share price falls as costs mount - although pensions ...
506,440,No,market,hargreaves lansdown share price falls as costs mount - although pensions ...
507,440,No,economy,hargreaves lansdown share price falls as costs mount - although pensions ...
508,444,Yes,corporate,"press: serco set to appoint roy gardner, ex-centrica, as chairman - ft"
509,444,No,stock,"press: serco set to appoint roy gardner, ex-centrica, as chairman - ft"
510,444,No,market,"press: serco set to appoint roy gardner, ex-centrica, as chairman - ft"
511,444,No,economy,"press: serco set to appoint roy gardner, ex-centrica, as chairman - ft"
512,449,No,corporate,update 1-cypress semiconductor offers to buy integrated silicon solution
513,449,Yes,stock,update 1-cypress semiconductor offers to buy integrated silicon solution
514,449,No,market,update 1-cypress semiconductor offers to buy integrated silicon solution
515,449,No,economy,update 1-cypress semiconductor offers to buy integrated silicon solution
516,454,Yes,corporate,"update 1-nomura, rbs must pay $806 mln in mortgage bond case-us judge"
517,454,No,stock,"update 1-nomura, rbs must pay $806 mln in mortgage bond case-us judge"
518,454,No,market,"update 1-nomura, rbs must pay $806 mln in mortgage bond case-us judge"
519,454,No,economy,"update 1-nomura, rbs must pay $806 mln in mortgage bond case-us judge"
520,459,Yes,corporate,millercoors board names gavin hattersley interim ceo
521,459,No,stock,millercoors board names gavin hattersley interim ceo
522,459,No,market,millercoors board names gavin hattersley interim ceo
523,459,No,economy,millercoors board names gavin hattersley interim ceo
524,461,Yes,corporate,"britain's ftse gains, land securities up after dividend hike"
525,461,No,stock,"britain's ftse gains, land securities up after dividend hike"
526,461,No,market,"britain's ftse gains, land securities up after dividend hike"
527,461,No,economy,"britain's ftse gains, land securities up after dividend hike"
528,466,No,corporate,"britain's ftse bounces back, mondi and barratt lead"
529,466,Yes,stock,"britain's ftse bounces back, mondi and barratt lead"
530,466,No,market,"britain's ftse bounces back, mondi and barratt lead"
531,466,No,economy,"britain's ftse bounces back, mondi and barratt lead"
532,470,Yes,corporate,old mutual first-quarter sales up 18% buoyed by emerging markets
533,470,No,stock,old mutual first-quarter sales up 18% buoyed by emerging markets
534,470,No,market,old mutual first-quarter sales up 18% buoyed by emerging markets
535,470,No,economy,old mutual first-quarter sales up 18% buoyed by emerging markets
536,473,Yes,corporate,do it for me' trend underpins uk sales growth at kingfisher
537,473,No,stock,do it for me' trend underpins uk sales growth at kingfisher
538,473,No,market,do it for me' trend underpins uk sales growth at kingfisher
539,473,No,economy,do it for me' trend underpins uk sales growth at kingfisher
540,476,Yes,corporate,"aldi and lidl expansion plans speed ahead as tesco, sainsbury's, morrisons ..."
541,476,No,stock,"aldi and lidl expansion plans speed ahead as tesco, sainsbury's, morrisons ..."
542,476,No,market,"aldi and lidl expansion plans speed ahead as tesco, sainsbury's, morrisons ..."
543,476,No,economy,"aldi and lidl expansion plans speed ahead as tesco, sainsbury's, morrisons ..."
544,477,Yes,corporate,"centrica extends gas deals with gazprom, statoil"
545,477,No,stock,"centrica extends gas deals with gazprom, statoil"
546,477,No,market,"centrica extends gas deals with gazprom, statoil"
547,477,No,economy,"centrica extends gas deals with gazprom, statoil"
548,480,No,corporate,"aberdeen am posts h1 outflows, says conditions to remain challenging"
549,480,No,stock,"aberdeen am posts h1 outflows, says conditions to remain challenging"
550,480,Yes,market,"aberdeen am posts h1 outflows, says conditions to remain challenging"
551,480,No,economy,"aberdeen am posts h1 outflows, says conditions to remain challenging"
552,492,No,corporate,severn trent share price jumps as canadian investor renews pursuit of utility
553,492,Yes,stock,severn trent share price jumps as canadian investor renews pursuit of utility
554,492,No,market,severn trent share price jumps as canadian investor renews pursuit of utility
555,492,No,economy,severn trent share price jumps as canadian investor renews pursuit of utility
556,495,Yes,corporate,new morrisons duo get former boss's support to diffuse investor tension
557,495,No,stock,new morrisons duo get former boss's support to diffuse investor tension
558,495,No,market,new morrisons duo get former boss's support to diffuse investor tension
559,495,No,economy,new morrisons duo get former boss's support to diffuse investor tension
560,499,No,corporate,s&p downgrades barclays and rbs on government bailout fears
561,499,Yes,stock,s&p downgrades barclays and rbs on government bailout fears
562,499,No,market,s&p downgrades barclays and rbs on government bailout fears
563,499,No,economy,s&p downgrades barclays and rbs on government bailout fears
564,502,No,corporate,irish housebuilder cairn homes plans london listing
565,502,Yes,stock,irish housebuilder cairn homes plans london listing
566,502,No,market,irish housebuilder cairn homes plans london listing
567,502,No,economy,irish housebuilder cairn homes plans london listing
568,507,Yes,corporate,arm slammed by handset sales outlook
569,507,No,stock,arm slammed by handset sales outlook
570,507,No,market,arm slammed by handset sales outlook
571,507,No,economy,arm slammed by handset sales outlook
572,511,Yes,corporate,companieslse adds ex-sec head schapiro to board
573,511,No,stock,companieslse adds ex-sec head schapiro to board
574,511,No,market,companieslse adds ex-sec head schapiro to board
575,511,No,economy,companieslse adds ex-sec head schapiro to board
576,512,Yes,corporate,sales boost for new morrisons chief david potts as tesco turnaround stalls
577,512,No,stock,sales boost for new morrisons chief david potts as tesco turnaround stalls
578,512,No,market,sales boost for new morrisons chief david potts as tesco turnaround stalls
579,512,No,economy,sales boost for new morrisons chief david potts as tesco turnaround stalls
580,516,No,corporate,ftse 100 flat; standard chartered leads risers
581,516,Yes,stock,ftse 100 flat; standard chartered leads risers
582,516,No,market,ftse 100 flat; standard chartered leads risers
583,516,No,economy,ftse 100 flat; standard chartered leads risers
584,517,Yes,corporate,companieshoward davies appointment as rbs director delayed
585,517,No,stock,companieshoward davies appointment as rbs director delayed
586,517,No,market,companieshoward davies appointment as rbs director delayed
587,517,No,economy,companieshoward davies appointment as rbs director delayed
588,519,Yes,corporate,keith skeoch to step up as david nish quits as chief executive of standard life
589,519,No,stock,keith skeoch to step up as david nish quits as chief executive of standard life
590,519,No,market,keith skeoch to step up as david nish quits as chief executive of standard life
591,519,No,economy,keith skeoch to step up as david nish quits as chief executive of standard life
592,520,Yes,corporate,dixons carphone profit boost on strong sales
593,520,No,stock,dixons carphone profit boost on strong sales
594,520,No,market,dixons carphone profit boost on strong sales
595,520,No,economy,dixons carphone profit boost on strong sales
596,521,No,corporate,"ftse rallies off three-month low, boosted by stanchart, sainsbury"
597,521,Yes,stock,"ftse rallies off three-month low, boosted by stanchart, sainsbury"
598,521,Yes,market,"ftse rallies off three-month low, boosted by stanchart, sainsbury"
599,521,No,economy,"ftse rallies off three-month low, boosted by stanchart, sainsbury"
600,530,No,corporate,"royal mail, johnson matthey lead ftse lower"
601,530,No,stock,"royal mail, johnson matthey lead ftse lower"
602,530,Yes,market,"royal mail, johnson matthey lead ftse lower"
603,530,No,economy,"royal mail, johnson matthey lead ftse lower"
604,539,No,corporate,sainsbury sales slip again as price pressures take a toll
605,539,Yes,stock,sainsbury sales slip again as price pressures take a toll
606,539,No,market,sainsbury sales slip again as price pressures take a toll
607,539,No,economy,sainsbury sales slip again as price pressures take a toll
608,540,No,corporate,sophos aims to raise $100m in london ipo
609,540,Yes,stock,sophos aims to raise $100m in london ipo
610,540,No,market,sophos aims to raise $100m in london ipo
611,540,No,economy,sophos aims to raise $100m in london ipo
612,541,Yes,corporate,update 3-stifel to buy former lehman brokerage from barclays
613,541,No,stock,update 3-stifel to buy former lehman brokerage from barclays
614,541,No,market,update 3-stifel to buy former lehman brokerage from barclays
615,541,No,economy,update 3-stifel to buy former lehman brokerage from barclays
616,545,Yes,corporate,borealis infrastructure putting together new severn trent bid
617,545,No,stock,borealis infrastructure putting together new severn trent bid
618,545,No,market,borealis infrastructure putting together new severn trent bid
619,545,No,economy,borealis infrastructure putting together new severn trent bid
620,546,Yes,corporate,"ftse falls to 3-month low on greek debt concerns, easyjet skids"
621,546,No,stock,"ftse falls to 3-month low on greek debt concerns, easyjet skids"
622,546,No,market,"ftse falls to 3-month low on greek debt concerns, easyjet skids"
623,546,No,economy,"ftse falls to 3-month low on greek debt concerns, easyjet skids"
624,547,No,corporate,johnson matthey share price slumps as company posts full-year results
625,547,Yes,stock,johnson matthey share price slumps as company posts full-year results
626,547,No,market,johnson matthey share price slumps as company posts full-year results
627,547,No,economy,johnson matthey share price slumps as company posts full-year results
628,548,Yes,corporate,update: barclays expects gain after settling with lehman bros trustee
629,548,No,stock,update: barclays expects gain after settling with lehman bros trustee
630,548,No,market,update: barclays expects gain after settling with lehman bros trustee
631,548,No,economy,update: barclays expects gain after settling with lehman bros trustee
632,552,Yes,corporate,petrofac books further 30m cost for shetland gas terminal delays
633,552,No,stock,petrofac books further 30m cost for shetland gas terminal delays
634,552,No,market,petrofac books further 30m cost for shetland gas terminal delays
635,552,No,economy,petrofac books further 30m cost for shetland gas terminal delays
636,553,No,corporate,petrofac share price rises despite 30m costs on north sea project
637,553,Yes,stock,petrofac share price rises despite 30m costs on north sea project
638,553,No,market,petrofac share price rises despite 30m costs on north sea project
639,553,No,economy,petrofac share price rises despite 30m costs on north sea project
640,554,Yes,corporate,whitbread boss andy harrison defends sales fall as 'just a blip'
641,554,No,stock,whitbread boss andy harrison defends sales fall as 'just a blip'
642,554,No,market,whitbread boss andy harrison defends sales fall as 'just a blip'
643,554,No,economy,whitbread boss andy harrison defends sales fall as 'just a blip'
644,555,No,corporate,barclays share price subdued as bank faces fresh forex probe
645,555,Yes,stock,barclays share price subdued as bank faces fresh forex probe
646,555,No,market,barclays share price subdued as bank faces fresh forex probe
647,555,No,economy,barclays share price subdued as bank faces fresh forex probe
648,556,Yes,corporate,companiesactelion shares hit record on shire takeover talk
649,556,No,stock,companiesactelion shares hit record on shire takeover talk
650,556,No,market,companiesactelion shares hit record on shire takeover talk
651,556,No,economy,companiesactelion shares hit record on shire takeover talk
652,563,Yes,corporate,lse gets hong kong regulatory nod to hk firms to become lse members
653,563,No,stock,lse gets hong kong regulatory nod to hk firms to become lse members
654,563,No,market,lse gets hong kong regulatory nod to hk firms to become lse members
655,563,No,economy,lse gets hong kong regulatory nod to hk firms to become lse members
656,573,No,corporate,diageo shares surge on report of possible takeover by lemann
657,573,Yes,stock,diageo shares surge on report of possible takeover by lemann
658,573,No,market,diageo shares surge on report of possible takeover by lemann
659,573,No,economy,diageo shares surge on report of possible takeover by lemann
660,576,Yes,corporate,rbs chairman admits surprise at size of regulatory penalties
661,576,No,stock,rbs chairman admits surprise at size of regulatory penalties
662,576,No,market,rbs chairman admits surprise at size of regulatory penalties
663,576,No,economy,rbs chairman admits surprise at size of regulatory penalties
664,584,Yes,corporate,rsa insurance hires towergate's egan as chief financial officer
665,584,No,stock,rsa insurance hires towergate's egan as chief financial officer
666,584,No,market,rsa insurance hires towergate's egan as chief financial officer
667,584,No,economy,rsa insurance hires towergate's egan as chief financial officer
668,590,Yes,corporate,johnson matthey raises prospect of investor payout
669,590,No,stock,johnson matthey raises prospect of investor payout
670,590,No,market,johnson matthey raises prospect of investor payout
671,590,No,economy,johnson matthey raises prospect of investor payout
672,593,Yes,corporate,intercontinental hotels denies reports of starwood merger talks
673,593,No,stock,intercontinental hotels denies reports of starwood merger talks
674,593,No,market,intercontinental hotels denies reports of starwood merger talks
675,593,No,economy,intercontinental hotels denies reports of starwood merger talks
676,594,No,corporate,refile-hikma and barclays help britain's ftse to climb higher
677,594,No,stock,refile-hikma and barclays help britain's ftse to climb higher
678,594,Yes,market,refile-hikma and barclays help britain's ftse to climb higher
679,594,No,economy,refile-hikma and barclays help britain's ftse to climb higher
680,601,Yes,corporate,fda approves astrazeneca's iressa as lung cancer treatment
681,601,No,stock,fda approves astrazeneca's iressa as lung cancer treatment
682,601,No,market,fda approves astrazeneca's iressa as lung cancer treatment
683,601,No,economy,fda approves astrazeneca's iressa as lung cancer treatment
684,602,Yes,corporate,astrazeneca suffers setback after drug fails to treat eye cancer
685,602,No,stock,astrazeneca suffers setback after drug fails to treat eye cancer
686,602,No,market,astrazeneca suffers setback after drug fails to treat eye cancer
687,602,No,economy,astrazeneca suffers setback after drug fails to treat eye cancer
688,613,No,corporate,british american tobacco first-half sales hurt by currency moves
689,613,No,stock,british american tobacco first-half sales hurt by currency moves
690,613,Yes,market,british american tobacco first-half sales hurt by currency moves
691,613,No,economy,british american tobacco first-half sales hurt by currency moves
692,614,Yes,corporate,zurich insurance considering offer for uk rival rsa insurance
693,614,No,stock,zurich insurance considering offer for uk rival rsa insurance
694,614,No,market,zurich insurance considering offer for uk rival rsa insurance
695,614,No,economy,zurich insurance considering offer for uk rival rsa insurance
696,616,Yes,corporate,japan's nikkei lands financial times in $1.3 billion deal
697,616,No,stock,japan's nikkei lands financial times in $1.3 billion deal
698,616,No,market,japan's nikkei lands financial times in $1.3 billion deal
699,616,No,economy,japan's nikkei lands financial times in $1.3 billion deal
700,622,Yes,corporate,"ingenious, hsbc, ubs and coutts sued by 'tax avoidance' clients"
701,622,No,stock,"ingenious, hsbc, ubs and coutts sued by 'tax avoidance' clients"
702,622,No,market,"ingenious, hsbc, ubs and coutts sued by 'tax avoidance' clients"
703,622,No,economy,"ingenious, hsbc, ubs and coutts sued by 'tax avoidance' clients"
704,624,Yes,corporate,update 1-astrazeneca sells rare cancer drug to sanofi for up to $300 mln
705,624,No,stock,update 1-astrazeneca sells rare cancer drug to sanofi for up to $300 mln
706,624,No,market,update 1-astrazeneca sells rare cancer drug to sanofi for up to $300 mln
707,624,No,economy,update 1-astrazeneca sells rare cancer drug to sanofi for up to $300 mln
708,627,Yes,corporate,sainsbury sells unit to lloydspharmacy
709,627,No,stock,sainsbury sells unit to lloydspharmacy
710,627,No,market,sainsbury sells unit to lloydspharmacy
711,627,No,economy,sainsbury sells unit to lloydspharmacy
712,632,Yes,corporate,bae systems's sales boosted by european typhoon and currencies
713,632,No,stock,bae systems's sales boosted by european typhoon and currencies
714,632,No,market,bae systems's sales boosted by european typhoon and currencies
715,632,No,economy,bae systems's sales boosted by european typhoon and currencies
716,634,Yes,corporate,"royal mail 'breached competition law' over delivery service changes, ofcom claims"
717,634,No,stock,"royal mail 'breached competition law' over delivery service changes, ofcom claims"
718,634,No,market,"royal mail 'breached competition law' over delivery service changes, ofcom claims"
719,634,No,economy,"royal mail 'breached competition law' over delivery service changes, ofcom claims"
720,645,No,corporate,"britain's ftse steadies, supported by dixons carphone"
721,645,Yes,stock,"britain's ftse steadies, supported by dixons carphone"
722,645,No,market,"britain's ftse steadies, supported by dixons carphone"
723,645,No,economy,"britain's ftse steadies, supported by dixons carphone"
724,651,Yes,corporate,glaxo's viiv healthcare signs china manufacturing deal with desano
725,651,No,stock,glaxo's viiv healthcare signs china manufacturing deal with desano
726,651,No,market,glaxo's viiv healthcare signs china manufacturing deal with desano
727,651,No,economy,glaxo's viiv healthcare signs china manufacturing deal with desano
728,653,Yes,corporate,astrazeneca sells caprelsa rights to sanofi unit
729,653,No,stock,astrazeneca sells caprelsa rights to sanofi unit
730,653,No,market,astrazeneca sells caprelsa rights to sanofi unit
731,653,No,economy,astrazeneca sells caprelsa rights to sanofi unit
732,659,Yes,corporate,update 5-barclays chairman mcfarlane axes ceo to speed up strategic change
733,659,No,stock,update 5-barclays chairman mcfarlane axes ceo to speed up strategic change
734,659,No,market,update 5-barclays chairman mcfarlane axes ceo to speed up strategic change
735,659,No,economy,update 5-barclays chairman mcfarlane axes ceo to speed up strategic change
736,665,No,corporate,miners meltdown as bhp to rio tinto sink in commodities rout
737,665,Yes,stock,miners meltdown as bhp to rio tinto sink in commodities rout
738,665,No,market,miners meltdown as bhp to rio tinto sink in commodities rout
739,665,No,economy,miners meltdown as bhp to rio tinto sink in commodities rout
740,669,No,corporate,"ftse led lower by m&s, glaxosmithkline"
741,669,No,stock,"ftse led lower by m&s, glaxosmithkline"
742,669,Yes,market,"ftse led lower by m&s, glaxosmithkline"
743,669,No,economy,"ftse led lower by m&s, glaxosmithkline"
744,670,Yes,corporate,gkn to buy fokker technologies for 706 mln euros
745,670,No,stock,gkn to buy fokker technologies for 706 mln euros
746,670,No,market,gkn to buy fokker technologies for 706 mln euros
747,670,No,economy,gkn to buy fokker technologies for 706 mln euros
748,671,Yes,corporate,diageo sells ryder cup venue gleneagles hotel to ennismore group
749,671,No,stock,diageo sells ryder cup venue gleneagles hotel to ennismore group
750,671,No,market,diageo sells ryder cup venue gleneagles hotel to ennismore group
751,671,No,economy,diageo sells ryder cup venue gleneagles hotel to ennismore group
752,674,Yes,corporate,"update: cib, legal & general sell egyptian life joint venture to axa"
753,674,No,stock,"update: cib, legal & general sell egyptian life joint venture to axa"
754,674,No,market,"update: cib, legal & general sell egyptian life joint venture to axa"
755,674,No,economy,"update: cib, legal & general sell egyptian life joint venture to axa"
756,679,Yes,corporate,chime communications set to be acquired by wpp and providence
757,679,No,stock,chime communications set to be acquired by wpp and providence
758,679,No,market,chime communications set to be acquired by wpp and providence
759,679,No,economy,chime communications set to be acquired by wpp and providence
760,680,Yes,corporate,"companiesnew aggreko ceo to reshape business, strip costs"
761,680,No,stock,"companiesnew aggreko ceo to reshape business, strip costs"
762,680,No,market,"companiesnew aggreko ceo to reshape business, strip costs"
763,680,No,economy,"companiesnew aggreko ceo to reshape business, strip costs"
764,682,Yes,corporate,astrazeneca to pay inovio up to $700 million for cancer drug
765,682,No,stock,astrazeneca to pay inovio up to $700 million for cancer drug
766,682,No,market,astrazeneca to pay inovio up to $700 million for cancer drug
767,682,No,economy,astrazeneca to pay inovio up to $700 million for cancer drug
768,686,No,corporate,rio tinto ceo says iron ore market at equilibrium
769,686,No,stock,rio tinto ceo says iron ore market at equilibrium
770,686,Yes,market,rio tinto ceo says iron ore market at equilibrium
771,686,No,economy,rio tinto ceo says iron ore market at equilibrium
772,687,No,corporate,us sanctions put gazprom-shell alliance plans in jeopardy
773,687,No,stock,us sanctions put gazprom-shell alliance plans in jeopardy
774,687,No,market,us sanctions put gazprom-shell alliance plans in jeopardy
775,687,Yes,economy,us sanctions put gazprom-shell alliance plans in jeopardy
776,688,Yes,corporate,standard chartered not raising capital yet as dividend cut
777,688,No,stock,standard chartered not raising capital yet as dividend cut
778,688,No,market,standard chartered not raising capital yet as dividend cut
779,688,No,economy,standard chartered not raising capital yet as dividend cut
780,692,Yes,corporate,"update 1-bhp billiton's credit ratings fragile in fy16, agencies warn"
781,692,No,stock,"update 1-bhp billiton's credit ratings fragile in fy16, agencies warn"
782,692,No,market,"update 1-bhp billiton's credit ratings fragile in fy16, agencies warn"
783,692,No,economy,"update 1-bhp billiton's credit ratings fragile in fy16, agencies warn"
784,693,Yes,corporate,crh adds cr laurence to acquisitions tally for $1.3bn
785,693,No,stock,crh adds cr laurence to acquisitions tally for $1.3bn
786,693,No,market,crh adds cr laurence to acquisitions tally for $1.3bn
787,693,No,economy,crh adds cr laurence to acquisitions tally for $1.3bn
788,701,Yes,corporate,novartis buys remaining rights to gsk treatment in deal up to $1 billion
789,701,No,stock,novartis buys remaining rights to gsk treatment in deal up to $1 billion
790,701,No,market,novartis buys remaining rights to gsk treatment in deal up to $1 billion
791,701,No,economy,novartis buys remaining rights to gsk treatment in deal up to $1 billion
792,702,Yes,corporate,"astrazeneca bags another cancer drug deal, this time with inovio"
793,702,No,stock,"astrazeneca bags another cancer drug deal, this time with inovio"
794,702,No,market,"astrazeneca bags another cancer drug deal, this time with inovio"
795,702,No,economy,"astrazeneca bags another cancer drug deal, this time with inovio"
796,704,No,corporate,refile-aviva investors to move 34 bln euros in assets from axa fund arm
797,704,No,stock,refile-aviva investors to move 34 bln euros in assets from axa fund arm
798,704,Yes,market,refile-aviva investors to move 34 bln euros in assets from axa fund arm
799,704,No,economy,refile-aviva investors to move 34 bln euros in assets from axa fund arm
800,715,Yes,corporate,"l&g still paying price for dividend cut during crisis, chief says"
801,715,No,stock,"l&g still paying price for dividend cut during crisis, chief says"
802,715,No,market,"l&g still paying price for dividend cut during crisis, chief says"
803,715,No,economy,"l&g still paying price for dividend cut during crisis, chief says"
804,726,Yes,corporate,buffett's company reports 37 percent drop in 2q earnings
805,726,No,stock,buffett's company reports 37 percent drop in 2q earnings
806,726,No,market,buffett's company reports 37 percent drop in 2q earnings
807,726,No,economy,buffett's company reports 37 percent drop in 2q earnings
808,730,Yes,corporate,travis perkins hikes dividend 20% as profit and revenue rise
809,730,No,stock,travis perkins hikes dividend 20% as profit and revenue rise
810,730,No,market,travis perkins hikes dividend 20% as profit and revenue rise
811,730,No,economy,travis perkins hikes dividend 20% as profit and revenue rise
812,738,Yes,corporate,"tesco, asda sales fall as march of the discounters continues: kantar"
813,738,No,stock,"tesco, asda sales fall as march of the discounters continues: kantar"
814,738,No,market,"tesco, asda sales fall as march of the discounters continues: kantar"
815,738,No,economy,"tesco, asda sales fall as march of the discounters continues: kantar"
816,741,Yes,corporate,shire proposes $30 bln all-share tie-up with baxalta
817,741,No,stock,shire proposes $30 bln all-share tie-up with baxalta
818,741,No,market,shire proposes $30 bln all-share tie-up with baxalta
819,741,No,economy,shire proposes $30 bln all-share tie-up with baxalta
820,742,Yes,corporate,shire ceo steps up drive to get baxalta board talking
821,742,No,stock,shire ceo steps up drive to get baxalta board talking
822,742,No,market,shire ceo steps up drive to get baxalta board talking
823,742,No,economy,shire ceo steps up drive to get baxalta board talking
824,747,Yes,corporate,"tesco, asda sales fall as march of the discounters continues-kantar"
825,747,No,stock,"tesco, asda sales fall as march of the discounters continues-kantar"
826,747,No,market,"tesco, asda sales fall as march of the discounters continues-kantar"
827,747,No,economy,"tesco, asda sales fall as march of the discounters continues-kantar"
828,758,Yes,corporate,verizon and at&t accused of hurting rivals
829,758,No,stock,verizon and at&t accused of hurting rivals
830,758,No,market,verizon and at&t accused of hurting rivals
831,758,No,economy,verizon and at&t accused of hurting rivals
832,759,No,corporate,"ftse 100 falls as china devaluation hits burberry, mining stocks"
833,759,No,stock,"ftse 100 falls as china devaluation hits burberry, mining stocks"
834,759,Yes,market,"ftse 100 falls as china devaluation hits burberry, mining stocks"
835,759,No,economy,"ftse 100 falls as china devaluation hits burberry, mining stocks"
836,764,Yes,corporate,"nine banks including barclays, citi, agree to pay $2 billion to settle forex ..."
837,764,No,stock,"nine banks including barclays, citi, agree to pay $2 billion to settle forex ..."
838,764,No,market,"nine banks including barclays, citi, agree to pay $2 billion to settle forex ..."
839,764,No,economy,"nine banks including barclays, citi, agree to pay $2 billion to settle forex ..."
840,784,No,corporate,companiescar insurer hastings group driving 180m ipo
841,784,Yes,stock,companiescar insurer hastings group driving 180m ipo
842,784,No,market,companiescar insurer hastings group driving 180m ipo
843,784,No,economy,companiescar insurer hastings group driving 180m ipo
844,808,Yes,corporate,glencore slumps 25 pct as debt fears grow
845,808,No,stock,glencore slumps 25 pct as debt fears grow
846,808,No,market,glencore slumps 25 pct as debt fears grow
847,808,No,economy,glencore slumps 25 pct as debt fears grow
848,815,Yes,corporate,horizonte acquires neighbouring glencore nickel property in brazil
849,815,No,stock,horizonte acquires neighbouring glencore nickel property in brazil
850,815,No,market,horizonte acquires neighbouring glencore nickel property in brazil
851,815,No,economy,horizonte acquires neighbouring glencore nickel property in brazil
852,820,Yes,corporate,update 1-engineering firm smiths group confirms ceo appointment
853,820,No,stock,update 1-engineering firm smiths group confirms ceo appointment
854,820,No,market,update 1-engineering firm smiths group confirms ceo appointment
855,820,No,economy,update 1-engineering firm smiths group confirms ceo appointment
856,821,Yes,corporate,industry newsmorrisons unveils which stores will close as 900 jobs face the axe
857,821,No,stock,industry newsmorrisons unveils which stores will close as 900 jobs face the axe
858,821,No,market,industry newsmorrisons unveils which stores will close as 900 jobs face the axe
859,821,No,economy,industry newsmorrisons unveils which stores will close as 900 jobs face the axe
860,827,Yes,corporate,glencore slumps 30 percent as debt fears grow
861,827,No,stock,glencore slumps 30 percent as debt fears grow
862,827,No,market,glencore slumps 30 percent as debt fears grow
863,827,No,economy,glencore slumps 30 percent as debt fears grow
864,833,Yes,corporate,aberdeen asset management gains foothold in china
865,833,No,stock,aberdeen asset management gains foothold in china
866,833,No,market,aberdeen asset management gains foothold in china
867,833,No,economy,aberdeen asset management gains foothold in china
868,835,Yes,corporate,arm holdings plc partners with international business machines corp. to drive ...
869,835,No,stock,arm holdings plc partners with international business machines corp. to drive ...
870,835,No,market,arm holdings plc partners with international business machines corp. to drive ...
871,835,No,economy,arm holdings plc partners with international business machines corp. to drive ...
872,838,No,corporate,"ftse 100 drops 2.5 pct on glencore, metals price fears"
873,838,Yes,stock,"ftse 100 drops 2.5 pct on glencore, metals price fears"
874,838,No,market,"ftse 100 drops 2.5 pct on glencore, metals price fears"
875,838,No,economy,"ftse 100 drops 2.5 pct on glencore, metals price fears"
876,840,Yes,corporate,"after barclays and bank of america, citigroup has blockchain in sight"
877,840,No,stock,"after barclays and bank of america, citigroup has blockchain in sight"
878,840,No,market,"after barclays and bank of america, citigroup has blockchain in sight"
879,840,No,economy,"after barclays and bank of america, citigroup has blockchain in sight"
880,841,Yes,corporate,ab inbev approaches sabmiller to explore $250bn tie-up
881,841,No,stock,ab inbev approaches sabmiller to explore $250bn tie-up
882,841,No,market,ab inbev approaches sabmiller to explore $250bn tie-up
883,841,No,economy,ab inbev approaches sabmiller to explore $250bn tie-up
884,847,Yes,corporate,eu regulator backs approval for gsk injectable asthma drug
885,847,No,stock,eu regulator backs approval for gsk injectable asthma drug
886,847,No,market,eu regulator backs approval for gsk injectable asthma drug
887,847,No,economy,eu regulator backs approval for gsk injectable asthma drug
888,855,Yes,corporate,glencore fight back over debt fears lifts shares
889,855,No,stock,glencore fight back over debt fears lifts shares
890,855,No,market,glencore fight back over debt fears lifts shares
891,855,No,economy,glencore fight back over debt fears lifts shares
892,856,No,corporate,"news feedftse 100 movers: ashtead jumps on strong interims; glencore, bp in ..."
893,856,Yes,stock,"news feedftse 100 movers: ashtead jumps on strong interims; glencore, bp in ..."
894,856,No,market,"news feedftse 100 movers: ashtead jumps on strong interims; glencore, bp in ..."
895,856,No,economy,"news feedftse 100 movers: ashtead jumps on strong interims; glencore, bp in ..."
896,858,Yes,corporate,brewer ab inbev seeks $275 bln tie-up with sabmiller
897,858,No,stock,brewer ab inbev seeks $275 bln tie-up with sabmiller
898,858,No,market,brewer ab inbev seeks $275 bln tie-up with sabmiller
899,858,No,economy,brewer ab inbev seeks $275 bln tie-up with sabmiller
900,861,Yes,corporate,ab inbev looks to win over sabmiller investors
901,861,No,stock,ab inbev looks to win over sabmiller investors
902,861,No,market,ab inbev looks to win over sabmiller investors
903,861,No,economy,ab inbev looks to win over sabmiller investors
904,863,Yes,corporate,update 1-eu regulator backs approval for gsk injectable asthma drug
905,863,No,stock,update 1-eu regulator backs approval for gsk injectable asthma drug
906,863,No,market,update 1-eu regulator backs approval for gsk injectable asthma drug
907,863,No,economy,update 1-eu regulator backs approval for gsk injectable asthma drug
908,866,No,corporate,copper market may get a 2003-style supply shock from glencore closures
909,866,No,stock,copper market may get a 2003-style supply shock from glencore closures
910,866,Yes,market,copper market may get a 2003-style supply shock from glencore closures
911,866,No,economy,copper market may get a 2003-style supply shock from glencore closures
912,872,Yes,corporate,talktalk hires bae systems to investigate cyber attack
913,872,No,stock,talktalk hires bae systems to investigate cyber attack
914,872,No,market,talktalk hires bae systems to investigate cyber attack
915,872,No,economy,talktalk hires bae systems to investigate cyber attack
916,876,Yes,corporate,renewed ab inbev bid for sabmiller ups stake in beer battle
917,876,No,stock,renewed ab inbev bid for sabmiller ups stake in beer battle
918,876,No,market,renewed ab inbev bid for sabmiller ups stake in beer battle
919,876,No,economy,renewed ab inbev bid for sabmiller ups stake in beer battle
920,879,Yes,corporate,companiesab inbev signals it won't go hostile for sabmiller
921,879,No,stock,companiesab inbev signals it won't go hostile for sabmiller
922,879,No,market,companiesab inbev signals it won't go hostile for sabmiller
923,879,No,economy,companiesab inbev signals it won't go hostile for sabmiller
924,885,Yes,corporate,astrazeneca diabetes drug combination faces delay after fda rebuff
925,885,No,stock,astrazeneca diabetes drug combination faces delay after fda rebuff
926,885,No,market,astrazeneca diabetes drug combination faces delay after fda rebuff
927,885,No,economy,astrazeneca diabetes drug combination faces delay after fda rebuff
928,891,Yes,corporate,mylan appoints ranjan ray chaudhuri as global commercial lead for mylan's over ...
929,891,No,stock,mylan appoints ranjan ray chaudhuri as global commercial lead for mylan's over ...
930,891,No,market,mylan appoints ranjan ray chaudhuri as global commercial lead for mylan's over ...
931,891,No,economy,mylan appoints ranjan ray chaudhuri as global commercial lead for mylan's over ...
932,896,No,corporate,sabmiller revenue hit by weaker em currencies
933,896,No,stock,sabmiller revenue hit by weaker em currencies
934,896,Yes,market,sabmiller revenue hit by weaker em currencies
935,896,No,economy,sabmiller revenue hit by weaker em currencies
936,897,Yes,corporate,update 5-sabmiller rejects ab inbev's $104 bln takeover approach
937,897,No,stock,update 5-sabmiller rejects ab inbev's $104 bln takeover approach
938,897,No,market,update 5-sabmiller rejects ab inbev's $104 bln takeover approach
939,897,No,economy,update 5-sabmiller rejects ab inbev's $104 bln takeover approach
940,907,No,corporate,market report: eight-day rally ends for ftse 100 and standard chartered
941,907,No,stock,market report: eight-day rally ends for ftse 100 and standard chartered
942,907,Yes,market,market report: eight-day rally ends for ftse 100 and standard chartered
943,907,No,economy,market report: eight-day rally ends for ftse 100 and standard chartered
944,908,Yes,corporate,ab inbev offers sabmiller $3 billion breakup fee
945,908,No,stock,ab inbev offers sabmiller $3 billion breakup fee
946,908,No,market,ab inbev offers sabmiller $3 billion breakup fee
947,908,No,economy,ab inbev offers sabmiller $3 billion breakup fee
948,912,No,corporate,gsk joins china trade push as uk trumpets healthcare deals
949,912,No,stock,gsk joins china trade push as uk trumpets healthcare deals
950,912,No,market,gsk joins china trade push as uk trumpets healthcare deals
951,912,Yes,economy,gsk joins china trade push as uk trumpets healthcare deals
952,914,Yes,corporate,ab inbev ups offer for sabmiller as deadline looms
953,914,No,stock,ab inbev ups offer for sabmiller as deadline looms
954,914,No,market,ab inbev ups offer for sabmiller as deadline looms
955,914,No,economy,ab inbev ups offer for sabmiller as deadline looms
956,919,No,corporate,tesco plc's recovery continues with a 250m cash infusion
957,919,Yes,stock,tesco plc's recovery continues with a 250m cash infusion
958,919,No,market,tesco plc's recovery continues with a 250m cash infusion
959,919,No,economy,tesco plc's recovery continues with a 250m cash infusion
960,922,No,corporate,"metals-zinc surges 12 pct after glencore cuts output, fuelling metals rally"
961,922,No,stock,"metals-zinc surges 12 pct after glencore cuts output, fuelling metals rally"
962,922,Yes,market,"metals-zinc surges 12 pct after glencore cuts output, fuelling metals rally"
963,922,No,economy,"metals-zinc surges 12 pct after glencore cuts output, fuelling metals rally"
964,924,Yes,corporate,companiesunilever sales lifted by ice cream in soft economy
965,924,No,stock,companiesunilever sales lifted by ice cream in soft economy
966,924,No,market,companiesunilever sales lifted by ice cream in soft economy
967,924,No,economy,companiesunilever sales lifted by ice cream in soft economy
968,939,Yes,corporate,ab inbev's latest bid said unlikely to win sabmiller's approval
969,939,No,stock,ab inbev's latest bid said unlikely to win sabmiller's approval
970,939,No,market,ab inbev's latest bid said unlikely to win sabmiller's approval
971,939,No,economy,ab inbev's latest bid said unlikely to win sabmiller's approval
972,941,No,corporate,britain's ftse forges ahead as shire surges
973,941,Yes,stock,britain's ftse forges ahead as shire surges
974,941,No,market,britain's ftse forges ahead as shire surges
975,941,No,economy,britain's ftse forges ahead as shire surges
976,942,Yes,corporate,ab inbev attacks sabmiller bid rebuffal
977,942,No,stock,ab inbev attacks sabmiller bid rebuffal
978,942,No,market,ab inbev attacks sabmiller bid rebuffal
979,942,No,economy,ab inbev attacks sabmiller bid rebuffal
980,943,Yes,corporate,anheuser-busch inbev increases offer for rival sabmiller
981,943,No,stock,anheuser-busch inbev increases offer for rival sabmiller
982,943,No,market,anheuser-busch inbev increases offer for rival sabmiller
983,943,No,economy,anheuser-busch inbev increases offer for rival sabmiller
984,945,Yes,corporate,why i'd buy arm holdings plc and bhp billiton plc today
985,945,No,stock,why i'd buy arm holdings plc and bhp billiton plc today
986,945,No,market,why i'd buy arm holdings plc and bhp billiton plc today
987,945,No,economy,why i'd buy arm holdings plc and bhp billiton plc today
988,946,Yes,corporate,barclays plc & lloyds banking group plc are the 2 banks i'd buy today
989,946,No,stock,barclays plc & lloyds banking group plc are the 2 banks i'd buy today
990,946,No,market,barclays plc & lloyds banking group plc are the 2 banks i'd buy today
991,946,No,economy,barclays plc & lloyds banking group plc are the 2 banks i'd buy today
992,952,Yes,corporate,easyjet dismisses lufthansa low-cost plan in contest for germany
993,952,No,stock,easyjet dismisses lufthansa low-cost plan in contest for germany
994,952,No,market,easyjet dismisses lufthansa low-cost plan in contest for germany
995,952,No,economy,easyjet dismisses lufthansa low-cost plan in contest for germany
996,963,Yes,corporate,"exclusive-bp, china's cnpc to unveil oil alliance - sources"
997,963,No,stock,"exclusive-bp, china's cnpc to unveil oil alliance - sources"
998,963,No,market,"exclusive-bp, china's cnpc to unveil oil alliance - sources"
999,963,No,economy,"exclusive-bp, china's cnpc to unveil oil alliance - sources"
1000,965,Yes,corporate,sab's chairman digs in with board divided on inbev offer
1001,965,No,stock,sab's chairman digs in with board divided on inbev offer
1002,965,No,market,sab's chairman digs in with board divided on inbev offer
1003,965,No,economy,sab's chairman digs in with board divided on inbev offer
1004,966,Yes,corporate,kinder morgan and bp form joint venture limited liability company to purchase ...
1005,966,No,stock,kinder morgan and bp form joint venture limited liability company to purchase ...
1006,966,No,market,kinder morgan and bp form joint venture limited liability company to purchase ...
1007,966,No,economy,kinder morgan and bp form joint venture limited liability company to purchase ...
1008,967,Yes,corporate,supreme court upholds $236 million jury award against exxonmobil
1009,967,No,stock,supreme court upholds $236 million jury award against exxonmobil
1010,967,No,market,supreme court upholds $236 million jury award against exxonmobil
1011,967,No,economy,supreme court upholds $236 million jury award against exxonmobil
1012,972,No,corporate,standard chartered's shares plunge 7% after fitch downgrade
1013,972,Yes,stock,standard chartered's shares plunge 7% after fitch downgrade
1014,972,No,market,standard chartered's shares plunge 7% after fitch downgrade
1015,972,No,economy,standard chartered's shares plunge 7% after fitch downgrade
1016,980,Yes,corporate,wpp wins race for 'programmatic buying' agency essence digital
1017,980,No,stock,wpp wins race for 'programmatic buying' agency essence digital
1018,980,No,market,wpp wins race for 'programmatic buying' agency essence digital
1019,980,No,economy,wpp wins race for 'programmatic buying' agency essence digital
1020,981,Yes,corporate,bhp billiton share price: brazil to sue samarco for 3.5bn
1021,981,No,stock,bhp billiton share price: brazil to sue samarco for 3.5bn
1022,981,No,market,bhp billiton share price: brazil to sue samarco for 3.5bn
1023,981,No,economy,bhp billiton share price: brazil to sue samarco for 3.5bn
1024,986,Yes,corporate,g4s slides on balance sheet worries
1025,986,No,stock,g4s slides on balance sheet worries
1026,986,No,market,g4s slides on balance sheet worries
1027,986,No,economy,g4s slides on balance sheet worries
1028,988,Yes,corporate,fda approves astrazeneca drug for advanced lung cancer
1029,988,No,stock,fda approves astrazeneca drug for advanced lung cancer
1030,988,No,market,fda approves astrazeneca drug for advanced lung cancer
1031,988,No,economy,fda approves astrazeneca drug for advanced lung cancer
1032,991,Yes,corporate,hsbc appoints business leaders to board
1033,991,No,stock,hsbc appoints business leaders to board
1034,991,No,market,hsbc appoints business leaders to board
1035,991,No,economy,hsbc appoints business leaders to board
1036,999,Yes,corporate,"hsbc shakes up board with two new business chiefs, three departures"
1037,999,No,stock,"hsbc shakes up board with two new business chiefs, three departures"
1038,999,No,market,"hsbc shakes up board with two new business chiefs, three departures"
1039,999,No,economy,"hsbc shakes up board with two new business chiefs, three departures"
1040,1000,Yes,corporate,astrazeneca wins fda approval for key new lung cancer pill
1041,1000,No,stock,astrazeneca wins fda approval for key new lung cancer pill
1042,1000,No,market,astrazeneca wins fda approval for key new lung cancer pill
1043,1000,No,economy,astrazeneca wins fda approval for key new lung cancer pill
1044,1002,Yes,corporate,update 1-lloyds to cut 945 jobs as part of 3-year restructuring plan
1045,1002,No,stock,update 1-lloyds to cut 945 jobs as part of 3-year restructuring plan
1046,1002,No,market,update 1-lloyds to cut 945 jobs as part of 3-year restructuring plan
1047,1002,No,economy,update 1-lloyds to cut 945 jobs as part of 3-year restructuring plan
1048,1005,Yes,corporate,standard chartered shifts emerging-markets strategy after losses
1049,1005,No,stock,standard chartered shifts emerging-markets strategy after losses
1050,1005,No,market,standard chartered shifts emerging-markets strategy after losses
1051,1005,No,economy,standard chartered shifts emerging-markets strategy after losses
1052,1012,Yes,corporate,astrazeneca's lung cancer drug tagrisso gets fda approval
1053,1012,No,stock,astrazeneca's lung cancer drug tagrisso gets fda approval
1054,1012,No,market,astrazeneca's lung cancer drug tagrisso gets fda approval
1055,1012,No,economy,astrazeneca's lung cancer drug tagrisso gets fda approval
1056,1016,No,corporate,severn trent share price rises as first half profit inches up as customer ...
1057,1016,Yes,stock,severn trent share price rises as first half profit inches up as customer ...
1058,1016,No,market,severn trent share price rises as first half profit inches up as customer ...
1059,1016,No,economy,severn trent share price rises as first half profit inches up as customer ...
1060,1022,Yes,corporate,glencore sees tripoli-based noc as sole legal seller of libyan oil
1061,1022,No,stock,glencore sees tripoli-based noc as sole legal seller of libyan oil
1062,1022,No,market,glencore sees tripoli-based noc as sole legal seller of libyan oil
1063,1022,No,economy,glencore sees tripoli-based noc as sole legal seller of libyan oil
1064,1023,Yes,corporate,lloyds to cut 945 jobs as part of three-year restructuring strategy
1065,1023,No,stock,lloyds to cut 945 jobs as part of three-year restructuring strategy
1066,1023,No,market,lloyds to cut 945 jobs as part of three-year restructuring strategy
1067,1023,No,economy,lloyds to cut 945 jobs as part of three-year restructuring strategy
1068,1024,Yes,corporate,astrazeneca to buy zs pharma for $2.7 billion
1069,1024,No,stock,astrazeneca to buy zs pharma for $2.7 billion
1070,1024,No,market,astrazeneca to buy zs pharma for $2.7 billion
1071,1024,No,economy,astrazeneca to buy zs pharma for $2.7 billion
1072,1025,Yes,corporate,"ackman, in email, says supports valeant ceo pearson"
1073,1025,No,stock,"ackman, in email, says supports valeant ceo pearson"
1074,1025,No,market,"ackman, in email, says supports valeant ceo pearson"
1075,1025,No,economy,"ackman, in email, says supports valeant ceo pearson"
1076,1029,Yes,corporate,astrazeneca sells us drug rights to perrigo for $380 mln
1077,1029,No,stock,astrazeneca sells us drug rights to perrigo for $380 mln
1078,1029,No,market,astrazeneca sells us drug rights to perrigo for $380 mln
1079,1029,No,economy,astrazeneca sells us drug rights to perrigo for $380 mln
1080,1032,Yes,corporate,"update 1-astrazeneca buys zs pharma for $2.7 billion, pips actelion"
1081,1032,No,stock,"update 1-astrazeneca buys zs pharma for $2.7 billion, pips actelion"
1082,1032,No,market,"update 1-astrazeneca buys zs pharma for $2.7 billion, pips actelion"
1083,1032,No,economy,"update 1-astrazeneca buys zs pharma for $2.7 billion, pips actelion"
1084,1033,Yes,corporate,corrected-shire to buy dyax for about $5.9 bln
1085,1033,No,stock,corrected-shire to buy dyax for about $5.9 bln
1086,1033,No,market,corrected-shire to buy dyax for about $5.9 bln
1087,1033,No,economy,corrected-shire to buy dyax for about $5.9 bln
1088,1037,Yes,corporate,barclays poised to replace sir mike rake as he heads for exit
1089,1037,No,stock,barclays poised to replace sir mike rake as he heads for exit
1090,1037,No,market,barclays poised to replace sir mike rake as he heads for exit
1091,1037,No,economy,barclays poised to replace sir mike rake as he heads for exit
1092,1038,Yes,corporate,astrazeneca acquires zs pharma in $2.7 billion deal
1093,1038,No,stock,astrazeneca acquires zs pharma in $2.7 billion deal
1094,1038,No,market,astrazeneca acquires zs pharma in $2.7 billion deal
1095,1038,No,economy,astrazeneca acquires zs pharma in $2.7 billion deal
1096,1039,No,corporate,astrazeneca shares climb 3% as drug maker ups profits forecasts
1097,1039,Yes,stock,astrazeneca shares climb 3% as drug maker ups profits forecasts
1098,1039,No,market,astrazeneca shares climb 3% as drug maker ups profits forecasts
1099,1039,No,economy,astrazeneca shares climb 3% as drug maker ups profits forecasts
1100,1040,Yes,corporate,peroni and grolsch put up for sale as ab inbev plans acquisition of sabmiller
1101,1040,No,stock,peroni and grolsch put up for sale as ab inbev plans acquisition of sabmiller
1102,1040,No,market,peroni and grolsch put up for sale as ab inbev plans acquisition of sabmiller
1103,1040,No,economy,peroni and grolsch put up for sale as ab inbev plans acquisition of sabmiller
1104,1044,Yes,corporate,easyjet expects resilient demand to withstand security fears
1105,1044,No,stock,easyjet expects resilient demand to withstand security fears
1106,1044,No,market,easyjet expects resilient demand to withstand security fears
1107,1044,No,economy,easyjet expects resilient demand to withstand security fears
1108,1045,No,corporate,compass group says positive for year ahead
1109,1045,Yes,stock,compass group says positive for year ahead
1110,1045,No,market,compass group says positive for year ahead
1111,1045,No,economy,compass group says positive for year ahead
1112,1052,Yes,corporate,us dollar wipes out sales gains for sabmiller
1113,1052,No,stock,us dollar wipes out sales gains for sabmiller
1114,1052,No,market,us dollar wipes out sales gains for sabmiller
1115,1052,No,economy,us dollar wipes out sales gains for sabmiller
1116,1053,Yes,corporate,"update 1-sabmiller 2nd-quarter underlying sales rise, forex impacts margins"
1117,1053,No,stock,"update 1-sabmiller 2nd-quarter underlying sales rise, forex impacts margins"
1118,1053,No,market,"update 1-sabmiller 2nd-quarter underlying sales rise, forex impacts margins"
1119,1053,No,economy,"update 1-sabmiller 2nd-quarter underlying sales rise, forex impacts margins"
1120,1057,Yes,corporate,update 2-pricey beers lift sabmiller's quarterly underlying sales
1121,1057,No,stock,update 2-pricey beers lift sabmiller's quarterly underlying sales
1122,1057,No,market,update 2-pricey beers lift sabmiller's quarterly underlying sales
1123,1057,No,economy,update 2-pricey beers lift sabmiller's quarterly underlying sales
1124,1061,Yes,corporate,valeant ceo pledges to heed critics after `painful' experience
1125,1061,No,stock,valeant ceo pledges to heed critics after `painful' experience
1126,1061,No,market,valeant ceo pledges to heed critics after `painful' experience
1127,1061,No,economy,valeant ceo pledges to heed critics after `painful' experience
1128,1063,Yes,corporate,"are aviva plc, direct line insurance group plc and admiral group plc set to soar?"
1129,1063,No,stock,"are aviva plc, direct line insurance group plc and admiral group plc set to soar?"
1130,1063,No,market,"are aviva plc, direct line insurance group plc and admiral group plc set to soar?"
1131,1063,No,economy,"are aviva plc, direct line insurance group plc and admiral group plc set to soar?"
1132,1065,Yes,corporate,stanchart and rbs struggle in bank of england stress tests
1133,1065,No,stock,stanchart and rbs struggle in bank of england stress tests
1134,1065,No,market,stanchart and rbs struggle in bank of england stress tests
1135,1065,Yes,economy,stanchart and rbs struggle in bank of england stress tests
1136,1073,Yes,corporate,barclays sells benchmark indices unit to bloomberg
1137,1073,No,stock,barclays sells benchmark indices unit to bloomberg
1138,1073,No,market,barclays sells benchmark indices unit to bloomberg
1139,1073,No,economy,barclays sells benchmark indices unit to bloomberg
1140,1077,Yes,corporate,"sainsbury's, asda, tesco and morrisons will all cut petrol prices as oil falls ..."
1141,1077,Yes,stock,"sainsbury's, asda, tesco and morrisons will all cut petrol prices as oil falls ..."
1142,1077,No,market,"sainsbury's, asda, tesco and morrisons will all cut petrol prices as oil falls ..."
1143,1077,No,economy,"sainsbury's, asda, tesco and morrisons will all cut petrol prices as oil falls ..."
1144,1079,No,corporate,"eu drops shell, bp, statoil from ethanol benchmark investigation"
1145,1079,Yes,stock,"eu drops shell, bp, statoil from ethanol benchmark investigation"
1146,1079,No,market,"eu drops shell, bp, statoil from ethanol benchmark investigation"
1147,1079,No,economy,"eu drops shell, bp, statoil from ethanol benchmark investigation"
1148,1089,Yes,corporate,astrazeneca explores potential deal with acerta for cancer drug
1149,1089,No,stock,astrazeneca explores potential deal with acerta for cancer drug
1150,1089,No,market,astrazeneca explores potential deal with acerta for cancer drug
1151,1089,No,economy,astrazeneca explores potential deal with acerta for cancer drug
1152,1095,Yes,corporate,shell and bg shareholders to vote on deal at end of january
1153,1095,No,stock,shell and bg shareholders to vote on deal at end of january
1154,1095,No,market,shell and bg shareholders to vote on deal at end of january
1155,1095,No,economy,shell and bg shareholders to vote on deal at end of january
1156,1109,No,corporate,astrazeneca chases acerta to secure next cancer drug winner
1157,1109,Yes,stock,astrazeneca chases acerta to secure next cancer drug winner
1158,1109,No,market,astrazeneca chases acerta to secure next cancer drug winner
1159,1109,No,economy,astrazeneca chases acerta to secure next cancer drug winner
1160,1112,No,corporate,companiestesco off to a bad start over xmas  kantar
1161,1112,Yes,stock,companiestesco off to a bad start over xmas  kantar
1162,1112,No,market,companiestesco off to a bad start over xmas  kantar
1163,1112,No,economy,companiestesco off to a bad start over xmas  kantar
1164,1117,No,corporate,"dbs, julius baer emerge as potential bidders for barclays asia wealth unit ..."
1165,1117,Yes,stock,"dbs, julius baer emerge as potential bidders for barclays asia wealth unit ..."
1166,1117,No,market,"dbs, julius baer emerge as potential bidders for barclays asia wealth unit ..."
1167,1117,No,economy,"dbs, julius baer emerge as potential bidders for barclays asia wealth unit ..."
1168,1118,Yes,corporate,why astrazeneca plc & dixons carphone plc are red-hot growth stars!
1169,1118,No,stock,why astrazeneca plc & dixons carphone plc are red-hot growth stars!
1170,1118,No,market,why astrazeneca plc & dixons carphone plc are red-hot growth stars!
1171,1118,No,economy,why astrazeneca plc & dixons carphone plc are red-hot growth stars!
1172,1120,Yes,corporate,bbcn bancorp to buy wilshire bancorp in $1 bln deal
1173,1120,No,stock,bbcn bancorp to buy wilshire bancorp in $1 bln deal
1174,1120,No,market,bbcn bancorp to buy wilshire bancorp in $1 bln deal
1175,1120,No,economy,bbcn bancorp to buy wilshire bancorp in $1 bln deal
1176,1122,No,corporate,itv share price jumps on report of comcast's nbcuniversal bidding to takeover ...
1177,1122,Yes,stock,itv share price jumps on report of comcast's nbcuniversal bidding to takeover ...
1178,1122,No,market,itv share price jumps on report of comcast's nbcuniversal bidding to takeover ...
1179,1122,No,economy,itv share price jumps on report of comcast's nbcuniversal bidding to takeover ...
1180,1131,No,corporate,glencore studies possible ipo for agricultural trading business
1181,1131,Yes,stock,glencore studies possible ipo for agricultural trading business
1182,1131,No,market,glencore studies possible ipo for agricultural trading business
1183,1131,No,economy,glencore studies possible ipo for agricultural trading business
1184,1132,Yes,corporate,can christmas save sainsbury's plc and tesco plc?
1185,1132,No,stock,can christmas save sainsbury's plc and tesco plc?
1186,1132,No,market,can christmas save sainsbury's plc and tesco plc?
1187,1132,No,economy,can christmas save sainsbury's plc and tesco plc?
1188,1133,Yes,corporate,update 1-astrazeneca boosts respiratory unit with $575 mln takeda deal
1189,1133,No,stock,update 1-astrazeneca boosts respiratory unit with $575 mln takeda deal
1190,1133,No,market,update 1-astrazeneca boosts respiratory unit with $575 mln takeda deal
1191,1133,No,economy,update 1-astrazeneca boosts respiratory unit with $575 mln takeda deal
1192,1142,Yes,corporate,bilfinger industrial services win 100m bp contract extension
1193,1142,No,stock,bilfinger industrial services win 100m bp contract extension
1194,1142,No,market,bilfinger industrial services win 100m bp contract extension
1195,1142,No,economy,bilfinger industrial services win 100m bp contract extension
1196,1143,Yes,corporate,"standard chartered, rbs escape capital raising in stress test"
1197,1143,No,stock,"standard chartered, rbs escape capital raising in stress test"
1198,1143,No,market,"standard chartered, rbs escape capital raising in stress test"
1199,1143,Yes,economy,"standard chartered, rbs escape capital raising in stress test"
1200,1147,No,corporate,astrazeneca weighing up acerta bid to secure blood cancer drug
1201,1147,Yes,stock,astrazeneca weighing up acerta bid to secure blood cancer drug
1202,1147,No,market,astrazeneca weighing up acerta bid to secure blood cancer drug
1203,1147,No,economy,astrazeneca weighing up acerta bid to secure blood cancer drug
1204,1154,No,corporate,2 turnaround buys for 2016? bhp billiton plc and home retail group plc
1205,1154,No,stock,2 turnaround buys for 2016? bhp billiton plc and home retail group plc
1206,1154,No,market,2 turnaround buys for 2016? bhp billiton plc and home retail group plc
1207,1154,Yes,economy,2 turnaround buys for 2016? bhp billiton plc and home retail group plc
1208,1155,Yes,corporate,l&g completes uk's largest medically underwritten bulk pension risk deal
1209,1155,No,stock,l&g completes uk's largest medically underwritten bulk pension risk deal
1210,1155,No,market,l&g completes uk's largest medically underwritten bulk pension risk deal
1211,1155,No,economy,l&g completes uk's largest medically underwritten bulk pension risk deal
1212,1160,Yes,corporate,drugmaker shire to buy baxalta for $32 billion after 6-month pursuit
1213,1160,No,stock,drugmaker shire to buy baxalta for $32 billion after 6-month pursuit
1214,1160,No,market,drugmaker shire to buy baxalta for $32 billion after 6-month pursuit
1215,1160,No,economy,drugmaker shire to buy baxalta for $32 billion after 6-month pursuit
1216,1165,No,corporate,kingfisher share price slides on cost to implement new strategy
1217,1165,Yes,stock,kingfisher share price slides on cost to implement new strategy
1218,1165,No,market,kingfisher share price slides on cost to implement new strategy
1219,1165,No,economy,kingfisher share price slides on cost to implement new strategy
